client_id,subscribe
2986,0.2
29710,0.0
38938,0.0
31313,0.0
24173,0.0
14426,0.8
40159,0.6
12301,0.0
9640,0.0
19742,0.6
5967,0.2
25559,0.0
34976,0.2
38126,0.2
17369,0.4
40632,0.4
37544,0.4
11284,0.0
36717,0.0
14536,0.2
26503,0.0
22763,0.0
32953,0.2
413,0.4
10762,0.4
14745,0.2
25946,0.2
14804,0.8
6790,0.0
30453,0.0
27455,0.6
29826,0.0
13689,0.0
13795,0.2
1835,1.0
41043,0.0
10563,0.2
38265,0.2
10848,0.0
41155,0.0
22925,0.2
28583,0.0
29133,0.0
7588,0.0
5242,0.6
11667,0.0
22369,0.2
5409,0.0
25931,0.4
19851,0.0
17993,0.8
6007,0.2
38467,0.8
27753,0.4
32117,0.2
38191,0.4
3984,0.0
22119,0.0
6333,0.0
2894,0.2
23883,0.2
27380,0.0
25244,0.0
4913,0.0
13238,0.0
36086,0.8
11187,0.0
16635,0.0
38210,0.0
6312,0.0
24671,0.2
34134,0.4
40160,0.6
20698,0.0
79,0.0
4518,0.0
9448,0.0
1230,0.0
3080,0.4
31315,0.0
4972,0.0
3509,0.0
17220,0.2
28577,1.0
2777,0.2
30712,0.0
17749,0.2
11126,0.6
2748,1.0
13376,0.4
39084,0.2
32128,0.0
19927,0.2
10216,0.0
27913,0.2
9174,0.2
7657,0.2
7132,0.0
38920,0.0
22344,0.2
20878,0.0
29851,0.2
36385,0.2
8539,0.4
36671,0.0
24243,0.2
8905,0.0
1963,0.2
23294,0.6
8482,0.4
13102,0.4
16011,0.4
3804,0.0
24378,0.4
26034,0.2
38947,0.2
33285,0.4
14816,0.4
28852,0.2
2761,0.2
37853,0.6
40302,0.0
4297,0.0
8946,0.4
6529,0.0
7053,0.0
20995,0.4
40459,0.8
11166,0.6
39155,1.0
1627,0.0
31167,0.2
28613,0.2
38376,0.0
11735,0.4
12053,0.2
40133,0.6
12336,0.0
30541,0.4
32580,0.2
28535,0.0
25008,0.0
41164,0.0
32661,0.0
25948,0.2
7348,0.0
28676,0.0
36480,0.0
39116,0.6
27525,0.0
887,0.0
28360,0.2
914,0.2
16385,0.0
15198,0.0
31218,0.0
5799,0.0
25932,0.6
20474,0.2
10943,0.0
38854,0.2
11688,0.2
8181,1.0
30774,0.2
22642,0.2
15017,0.2
12248,0.6
18671,0.2
39113,0.0
5459,0.0
40332,0.2
4176,0.0
33598,0.0
24730,0.0
12921,0.2
39404,0.0
384,0.2
24163,0.2
1191,0.2
30006,0.0
16707,0.2
30933,0.2
40197,0.4
33442,1.0
39150,0.2
29444,0.2
303,0.2
31566,0.0
1003,0.8
15390,0.0
4676,0.2
21973,0.2
14632,0.6
9008,0.0
16090,0.0
40269,0.4
5392,0.2
24790,0.0
18937,0.2
16886,0.0
31072,0.2
16021,0.0
23569,0.0
30092,0.2
9046,0.0
29573,0.2
29397,0.2
14539,0.0
15886,1.0
12893,0.0
13092,0.4
31389,0.0
41003,0.2
10666,0.2
17674,0.0
25855,0.2
20665,0.2
1762,0.0
18420,0.2
14303,0.2
9813,0.4
3271,0.0
10557,0.0
26367,0.2
29417,0.0
30526,0.2
11276,0.0
8412,0.4
18535,0.2
21542,0.0
30549,0.2
16087,0.0
35716,0.2
27644,0.0
328,0.0
15127,0.0
13835,0.0
4798,0.4
10247,0.0
4809,0.4
30856,0.0
16225,0.0
528,0.0
24743,0.2
663,0.0
20475,0.0
793,0.0
41098,0.0
22232,0.4
25036,0.2
32489,0.0
34867,0.2
16007,0.6
3632,0.8
29532,0.0
39728,0.0
13054,0.0
22253,0.0
40988,0.2
38557,0.4
32411,1.0
20316,0.6
40964,0.6
17670,0.0
21634,0.0
32798,0.0
27056,0.0
36904,0.0
5081,0.0
9386,0.0
37023,0.4
10355,0.2
10870,0.0
6440,0.2
17089,0.0
4738,0.6
11683,0.2
35532,0.4
29127,0.0
23053,0.0
38288,0.2
22510,0.0
10956,0.2
11978,0.0
7748,0.0
24581,0.6
27049,0.2
4288,0.0
613,0.4
30504,0.0
39739,0.2
25356,0.0
14130,0.0
36997,1.0
26602,0.0
17161,0.2
26557,0.0
13596,0.2
11181,0.0
5291,0.2
18575,0.0
24008,0.8
5251,0.0
28283,1.0
12285,0.0
5087,0.2
29587,0.0
1936,0.0
18559,0.6
8980,0.4
4399,0.4
27818,0.0
9940,0.2
21650,0.0
13800,0.2
5456,0.0
7432,0.0
3527,0.2
28362,0.4
15786,0.2
8314,0.2
37223,0.4
22340,0.0
27772,0.0
21811,0.4
40404,0.0
8062,0.2
14964,0.2
41160,0.2
2539,0.0
1055,0.0
22262,0.6
34250,0.2
35546,1.0
21846,0.0
22781,0.0
34845,0.0
316,0.0
33190,0.2
18669,0.0
22345,0.2
19935,0.2
18585,0.0
9546,0.2
39794,0.2
27695,0.0
6531,1.0
40360,0.4
6431,0.0
1004,0.0
39077,0.0
29649,0.2
8259,0.2
31978,0.0
30398,0.8
11496,0.4
12716,0.0
16766,0.2
36871,0.0
9248,0.2
37983,0.2
25641,0.0
16151,0.0
23979,0.2
16444,0.4
10865,0.0
23947,0.0
4427,0.4
26921,0.6
37389,0.4
854,0.2
3831,0.4
28509,0.4
35421,0.2
1158,0.2
29049,0.2
18217,0.4
5932,0.0
25788,0.0
31410,0.2
37807,0.0
19126,0.0
23631,0.0
12976,0.2
31805,0.4
21512,0.0
7354,0.0
27649,0.8
9901,0.0
10610,0.6
21502,0.4
17458,0.4
33439,0.0
10358,0.6
1746,0.6
20497,0.6
5103,0.0
287,0.0
18818,0.4
8313,0.2
2963,0.4
3214,0.8
7902,0.4
40215,0.0
23797,1.0
38791,0.0
33495,0.4
31519,0.0
41163,0.2
15971,0.0
22363,0.4
39285,0.0
29515,0.2
25306,0.2
7188,0.2
5072,0.4
22158,0.4
16438,0.2
718,0.2
12411,1.0
10241,0.0
30318,0.0
8024,0.2
33857,0.4
21719,0.0
19463,0.6
12143,0.4
9659,0.2
910,0.0
39014,0.0
19193,0.0
24738,0.4
23380,0.8
16245,0.0
20997,0.4
5858,0.0
11430,1.0
24530,0.0
26194,0.0
28260,0.0
13584,0.0
10478,0.2
22248,0.0
20256,0.0
25479,0.0
11602,0.6
37857,0.4
22132,0.0
1278,0.2
23897,0.0
26439,0.6
5264,0.0
40231,0.0
35321,0.0
20230,0.2
9411,0.0
1714,0.2
8464,0.4
1604,0.2
38443,1.0
32614,0.0
17138,0.2
36933,0.4
13472,0.0
10454,0.6
26379,0.8
10267,1.0
22999,0.4
5008,0.2
13071,0.0
9745,0.0
34890,0.2
19128,0.0
4002,0.2
26299,0.2
36290,0.0
28521,0.2
22506,0.0
36231,0.8
206,0.0
25012,1.0
15792,0.0
36456,0.4
27920,0.2
20222,0.0
37986,0.0
6875,0.2
38258,0.0
11799,0.0
16856,0.0
34256,0.4
33859,0.4
20170,1.0
7083,0.4
30880,0.4
40989,0.4
32929,0.2
32826,0.2
10391,0.4
18135,0.2
36182,0.0
20921,0.8
6397,1.0
22430,1.0
2960,0.8
15179,0.0
532,0.0
20578,0.4
16858,0.0
1682,0.0
7828,0.0
28789,0.4
15211,0.0
33127,0.4
2356,0.2
26889,0.0
2413,0.0
27849,0.0
4638,0.4
25431,0.2
32371,1.0
22542,0.0
21302,0.4
28786,0.0
20816,0.2
34421,0.2
23704,0.4
28841,0.0
21234,0.6
29435,0.2
24364,1.0
37561,0.0
2391,0.0
23172,0.2
39591,0.2
12020,0.0
21645,0.4
11138,0.0
17384,0.4
32691,0.2
17248,0.4
26795,0.2
36499,0.2
33484,0.2
18311,0.0
20746,0.0
10625,0.0
35518,0.0
39678,0.0
24302,0.2
19061,0.0
27524,0.2
17438,0.2
38931,0.2
37998,0.0
32635,0.0
29907,0.0
30287,0.6
29870,0.0
29576,0.4
3948,0.4
27058,0.4
28692,0.4
15861,0.0
34397,0.2
19274,0.2
17351,0.6
12647,0.0
8149,0.2
29626,0.2
17783,0.0
36461,0.0
3108,0.0
38760,0.0
13581,0.2
2172,0.2
35240,0.4
36502,0.0
32345,0.4
4982,0.4
37683,0.0
26476,0.0
24006,0.0
13032,0.2
26851,0.0
22610,0.2
6063,0.0
19554,0.2
15195,1.0
27081,0.2
19954,0.0
34911,0.2
24876,0.4
39751,0.0
16936,0.0
33378,0.4
9265,0.0
18978,0.4
8527,0.2
9311,0.4
33096,0.2
3847,0.4
6882,0.6
22107,0.0
17443,0.0
24024,0.0
29493,0.2
13888,0.2
38181,0.2
21619,0.4
35273,0.8
9468,0.2
38385,0.0
27848,0.0
15271,0.2
30981,0.4
5750,0.0
13752,0.2
18318,0.0
30193,0.8
37685,0.2
33943,0.2
13867,0.2
37814,0.2
31364,0.2
25742,0.6
4713,0.2
33777,1.0
39878,0.0
7045,0.0
32336,0.0
21430,0.2
27711,0.0
6337,1.0
39716,0.0
12151,0.0
16340,0.2
21329,0.2
18926,0.0
25501,0.2
14775,0.0
35152,0.0
27864,0.0
1674,0.0
27595,0.2
39452,0.4
12018,0.0
17354,0.8
3523,0.2
11111,0.0
32712,0.2
15159,0.0
27323,0.4
34613,0.0
31636,0.8
15710,0.8
13459,0.0
36358,0.0
33560,1.0
16369,0.4
24986,0.0
1993,0.0
32728,0.0
17092,0.0
34292,0.4
13119,0.2
5944,0.4
13144,0.0
18638,0.8
13971,0.0
36345,0.2
17744,0.2
40837,0.0
16015,0.2
28969,0.4
36792,0.2
21461,0.6
354,0.2
31999,0.0
13723,0.2
5583,0.4
25817,0.0
7153,0.0
14830,0.2
8373,0.0
10726,0.2
57,0.2
25118,0.0
36015,0.2
33685,0.4
3420,0.2
28152,0.0
6004,0.0
16668,0.2
9765,0.4
5879,0.4
7920,0.2
7272,0.0
33135,0.4
29604,0.2
1660,0.2
9921,0.0
2747,0.2
11379,0.0
32194,0.2
40361,0.0
34109,0.2
10946,0.0
19672,0.0
5013,0.6
19705,0.0
20349,0.4
7918,0.4
8847,0.0
24409,0.4
7599,0.0
29312,0.2
23652,0.0
10722,0.0
30164,0.0
27035,0.0
6774,0.2
26707,0.2
37186,0.2
28168,0.2
27860,0.2
5360,0.0
13473,0.0
21008,0.2
10879,0.8
28932,0.2
28844,0.0
17683,0.2
3374,0.0
9453,0.0
18021,0.0
11374,0.0
16897,0.2
34263,0.2
24634,0.4
38427,0.8
12832,0.6
21607,0.0
4606,0.2
25941,0.0
12297,0.2
27487,0.0
37861,0.0
18767,0.4
1755,0.2
37101,0.2
39903,0.0
18714,0.2
15349,1.0
38234,0.0
3758,0.0
33330,0.4
486,0.4
32624,0.0
36743,0.0
2458,0.0
38828,0.2
22898,0.0
22900,0.8
9452,0.6
16016,0.2
4631,0.4
7384,0.0
12615,0.0
37791,0.0
18188,0.0
30262,0.2
32012,0.2
26838,0.0
1573,0.0
40661,0.4
11306,0.0
27276,1.0
24597,0.0
1872,0.8
37468,0.0
28622,0.0
31022,0.2
22163,0.6
36256,0.2
26520,0.0
8395,0.0
15742,0.4
10362,0.0
39700,0.0
26029,0.2
19494,0.2
11120,0.0
9968,0.0
2026,0.0
24325,0.0
1616,0.4
4991,0.0
7953,0.2
3526,0.0
5608,0.0
23539,0.6
3221,0.0
19190,0.2
15001,0.0
12793,0.0
27880,0.0
21942,0.6
12438,0.2
24545,0.0
14786,0.0
18080,0.4
40657,0.0
33855,1.0
28224,0.0
15481,0.0
1532,0.4
8794,0.2
11487,0.2
24275,0.4
13052,0.2
29217,0.0
19028,0.0
1151,0.4
37367,0.2
27726,0.0
3756,0.2
21486,0.4
33923,0.0
15839,1.0
21395,0.4
32582,0.2
39904,0.2
29162,0.4
22350,0.0
4489,0.8
38489,0.0
11843,0.0
4749,0.0
27728,0.2
15226,0.8
39839,0.4
10141,0.0
9018,0.2
16691,0.8
21642,0.0
21893,0.0
17289,0.2
24075,0.0
38426,0.2
28574,0.0
7446,0.2
33450,0.4
33980,0.0
20001,0.0
32454,0.0
1907,0.0
31554,0.8
31731,0.0
30779,0.2
37123,0.0
32711,0.0
10825,0.2
37756,0.2
41007,0.2
31012,0.0
37951,0.0
5817,0.4
3864,0.4
8625,0.0
19179,0.0
35252,0.2
21471,0.0
18859,0.2
17586,0.0
26321,0.4
10210,0.4
7888,0.0
32188,0.0
16086,0.2
40931,1.0
21399,0.2
39615,0.0
11594,0.2
17383,0.0
39400,0.0
20639,0.2
15213,0.4
17363,0.2
34035,0.0
14516,0.2
23385,0.4
744,0.0
13664,0.2
13720,0.0
33551,0.0
36523,0.0
36767,0.4
8334,0.2
39866,0.0
7914,0.2
6339,0.8
14401,0.2
7078,0.0
883,0.6
17498,0.0
25555,0.0
9352,0.0
37496,0.0
8447,0.0
37605,0.8
4659,1.0
14097,0.0
27983,0.0
11466,0.0
36495,0.0
15743,0.4
506,0.0
7186,1.0
12058,0.0
17173,0.0
29747,0.0
24479,0.2
14641,0.2
10538,0.4
1099,0.0
8563,0.0
31146,0.2
7932,0.4
3357,0.0
40521,0.2
37873,1.0
12748,0.0
11428,0.0
25646,0.0
20053,0.0
21629,0.0
32007,0.0
31911,0.0
2401,0.0
35901,0.0
324,0.4
18325,0.0
40646,0.2
20757,0.0
12631,0.4
1098,0.2
5871,0.4
28411,0.4
7525,0.8
7022,0.0
38865,0.2
11954,0.4
27574,0.2
30913,0.0
2610,0.0
10783,0.2
10702,0.0
32357,0.2
13258,0.2
31390,0.0
32123,0.4
27098,0.0
18957,0.2
34522,0.2
2112,0.0
39246,0.8
15472,0.0
8985,0.0
10049,0.4
33485,0.0
1593,0.0
18376,0.2
4782,0.2
6331,0.0
2040,0.0
12866,0.0
28379,0.6
13158,0.4
5850,0.0
33809,0.2
27396,0.0
1223,0.4
34608,0.2
6408,0.4
36441,0.4
35788,0.0
36322,0.0
25989,0.0
37833,0.6
40016,0.0
32356,0.2
38371,0.0
13151,0.2
19748,0.6
14472,0.8
34393,0.0
23520,0.4
26593,0.0
26609,0.2
25104,0.0
12663,0.2
11899,0.0
35493,0.0
36104,0.4
28680,0.2
9280,0.6
40839,0.0
27321,0.4
19103,0.0
19478,0.2
28305,0.6
39534,0.4
21427,0.2
30563,0.0
21540,1.0
23346,0.4
12176,0.0
27331,0.0
7822,0.2
38136,0.0
18239,0.2
38477,0.0
33694,0.0
30689,0.0
12926,0.4
16979,0.0
22148,0.0
27117,0.4
26175,0.0
18350,0.0
24997,0.4
24070,0.0
14156,0.0
2622,0.4
17435,0.2
31118,0.4
10688,0.0
16252,0.2
7279,0.0
9808,1.0
9865,0.0
40487,0.0
14099,0.0
22541,0.0
12683,0.0
31582,0.0
30716,0.0
21125,0.4
31222,0.0
11693,0.0
37850,0.4
32095,0.2
1833,0.2
11158,0.0
41013,0.2
1131,0.2
18645,0.6
25252,0.2
18647,1.0
37799,0.0
35294,0.2
19986,0.8
19476,0.4
28116,0.0
17531,0.0
3944,0.0
19162,0.0
24091,0.4
3788,0.2
37007,0.0
8759,0.2
30621,0.2
34029,0.0
18600,0.0
7214,0.2
39377,0.4
16749,0.8
4338,0.0
39475,0.2
13434,0.0
28108,0.2
9137,0.2
37457,0.0
14371,1.0
13037,0.0
40252,0.0
11016,0.2
39971,0.2
40101,0.0
31111,0.4
30938,0.4
11973,0.2
28648,0.0
10222,0.0
29474,0.0
29124,0.6
33646,0.4
7041,0.2
25170,0.2
16191,1.0
34667,0.2
35083,0.4
6023,0.4
13944,0.0
22341,0.2
19520,0.0
32564,0.0
33627,0.0
9277,0.2
39681,0.0
5673,0.2
10093,0.6
20464,0.8
218,0.0
35303,0.0
14198,0.4
36341,0.2
23866,0.0
40580,0.2
1612,0.2
37956,0.2
40257,0.2
6666,0.0
5373,0.4
8590,0.0
10412,0.2
9215,0.2
38127,0.0
1710,0.4
1892,0.0
24682,0.0
6586,0.2
25216,0.0
17419,0.2
31773,0.2
4450,0.4
31882,0.0
38716,0.0
475,0.2
30705,0.0
1846,0.6
6267,0.2
27379,0.0
9582,0.0
36666,0.2
41044,0.2
10754,0.0
40739,0.0
8944,0.6
4477,0.0
32024,0.0
23337,0.2
12780,0.0
19507,0.2
6189,0.2
5864,0.0
40061,0.0
1571,0.2
34513,0.0
21417,0.2
22876,0.0
19483,0.0
22339,0.0
1976,0.0
39730,0.0
13836,0.0
38650,0.4
33482,0.0
2123,0.0
2719,0.0
36307,0.0
8243,0.0
29880,0.2
38328,0.0
1702,0.2
36701,0.0
13374,0.2
13403,0.0
1819,1.0
25265,0.4
12064,0.4
31302,0.4
21983,0.4
23441,0.4
31141,0.4
5218,0.0
38363,0.0
9872,0.0
9539,0.2
40966,0.0
39614,0.0
24505,0.0
35097,0.2
29104,0.0
32065,0.2
20138,0.0
3075,0.2
39861,0.2
21880,0.0
29438,0.2
3959,0.6
7971,0.2
22256,0.2
28912,0.0
24948,0.0
12595,0.0
29996,0.2
12430,0.6
31584,0.0
29701,0.0
23729,0.2
32525,0.0
9906,0.2
13582,0.2
30219,0.2
29147,0.0
18406,0.0
4365,0.0
5056,0.4
4449,0.0
6840,0.6
17224,0.2
26077,0.6
9015,0.0
38109,0.2
35209,0.0
32621,0.4
35832,0.2
27798,0.2
19690,0.0
15943,0.0
13850,0.0
36023,0.2
7642,0.6
21017,0.0
17473,0.0
27560,0.2
31537,0.2
8125,0.2
21677,0.0
24750,0.0
8041,0.2
24561,0.0
27061,1.0
18778,0.0
6862,0.4
34554,0.4
16724,0.2
15843,0.0
2023,1.0
4146,0.2
19590,0.2
25068,0.0
3896,0.0
24152,0.6
33171,0.4
24678,0.2
22403,0.2
1825,0.0
40631,0.0
28834,0.2
4841,0.0
5455,0.2
11309,0.2
3294,0.0
17307,0.6
1750,1.0
36140,0.2
37449,0.2
24846,0.0
11766,0.2
32126,0.0
36277,0.4
22326,0.0
17751,1.0
24701,0.0
14411,0.2
38248,0.2
27369,0.0
27240,0.0
12121,0.0
20427,0.2
23589,0.2
4410,0.4
41081,0.8
4353,0.2
40822,0.0
25952,0.2
25261,0.8
15214,0.4
13525,0.0
31956,0.6
28968,0.2
24307,0.0
29346,0.0
26968,0.8
21444,0.4
29674,0.4
32015,1.0
33412,0.0
9551,0.6
31591,0.0
5306,0.0
30208,0.4
23595,0.0
19694,0.0
6129,0.0
9526,0.0
29364,0.4
2920,0.0
37125,0.2
26523,0.0
7280,0.2
11088,0.0
37359,0.4
8731,0.0
14136,0.0
14995,0.0
30056,1.0
615,0.0
17083,0.2
33825,0.0
9814,0.2
38008,0.0
4648,0.2
37827,0.2
8309,0.0
40081,0.0
15888,0.2
10889,0.2
12200,0.0
14260,0.2
5899,0.4
37176,0.0
19514,0.2
15798,0.4
40031,0.0
2463,0.0
32221,0.6
12262,0.2
20114,0.6
20994,0.4
32131,0.0
37384,0.0
16551,0.0
17160,0.4
933,0.4
29837,0.4
33789,0.2
9407,0.2
30294,1.0
26766,0.2
10,0.0
2148,0.0
12664,0.4
30401,0.0
7486,0.2
18775,0.2
7960,0.4
26911,0.0
39840,0.2
32898,0.0
6911,0.0
17314,0.8
20149,0.0
15473,0.0
18362,0.6
25021,0.0
8789,0.6
40195,0.2
39618,0.4
39763,0.4
31706,0.0
17906,0.0
27425,0.0
2056,0.0
30700,0.2
21927,0.0
10352,0.0
3829,0.6
8511,0.2
8201,0.2
18205,0.0
41080,0.0
39012,0.4
33371,0.0
1491,0.0
38604,0.0
16787,0.0
26412,0.2
3743,0.2
39389,0.0
10162,0.0
38697,0.2
18008,0.0
38128,0.0
38,0.4
2649,0.4
18849,0.4
38063,0.0
5691,0.2
38241,0.2
20590,0.2
17102,0.0
9635,0.2
11825,0.0
36173,0.2
37966,0.8
25759,0.2
25623,0.0
29980,0.0
32897,0.0
28858,0.0
6081,0.0
9103,0.0
26649,0.2
37617,0.8
39742,0.4
26057,0.0
25656,0.0
5403,0.0
34438,0.4
30304,0.0
30217,0.4
29780,1.0
1416,0.8
8522,0.0
19370,0.0
16122,0.2
14852,0.0
1779,0.2
23613,0.2
25664,0.2
3551,0.4
3748,0.4
25193,0.0
17076,0.0
22682,0.4
20569,0.0
22985,0.0
35325,0.0
23723,0.4
15777,0.2
20223,0.2
16434,0.0
6780,0.0
27723,0.0
16765,0.0
27346,0.0
40064,0.0
23891,0.0
338,0.6
34707,0.2
33243,0.0
39152,0.0
9201,0.2
1362,0.0
27234,0.2
13402,0.2
5136,0.4
18040,0.0
30075,0.6
3945,0.0
23496,0.0
27816,0.0
3937,0.0
15247,0.0
30070,0.0
4454,0.2
31861,0.0
33078,0.0
21721,0.0
6439,0.2
5974,0.0
16789,0.2
27411,0.4
11424,0.0
35600,0.0
31097,0.6
9945,0.2
4109,0.2
19491,0.2
16300,0.0
21237,0.2
8088,0.0
35055,0.0
10624,0.0
16838,0.0
11665,0.2
9242,0.0
15698,0.2
6083,0.2
36711,0.0
31642,0.0
32457,0.0
40722,0.2
34251,0.0
20737,0.0
13589,0.0
12128,0.2
724,0.0
2306,0.0
34566,0.2
9601,0.8
8108,0.4
9476,0.0
15304,0.2
25823,0.4
40599,1.0
30760,0.4
8995,0.0
34876,0.2
307,0.4
29789,0.0
34274,0.0
27688,0.4
8976,0.4
35475,0.0
9785,0.0
15458,0.2
26390,0.0
33687,0.0
33976,0.4
20674,0.2
2102,0.2
40475,0.2
36998,0.4
37629,0.0
9957,0.6
8469,0.0
20419,0.0
26340,0.4
22160,0.0
24564,0.2
12463,0.2
608,0.0
29502,0.2
11599,0.4
10258,0.2
8725,0.0
5385,0.4
17308,0.0
36582,0.0
8287,0.2
30409,0.0
19678,0.0
20021,0.0
35183,0.0
2966,0.4
29073,0.2
28203,0.2
38669,0.0
4521,0.0
22911,0.0
7160,0.0
17389,0.2
25085,0.2
26025,0.0
21104,0.4
20741,0.0
33675,0.2
31928,0.6
37260,0.2
31117,0.0
38062,0.2
40294,0.2
32566,0.0
32019,1.0
41156,0.4
31781,0.0
28701,0.2
13701,0.0
6698,0.0
1740,0.2
39648,0.0
19620,0.0
36370,0.4
37346,0.0
10399,0.4
20250,0.0
14921,0.0
574,0.0
40382,0.2
24046,0.0
36096,0.4
21433,0.2
30954,0.2
26959,0.0
17635,0.4
14134,0.2
2007,0.0
6174,0.2
12868,0.2
5235,1.0
11075,0.0
20785,0.6
40974,0.0
30790,0.2
31736,0.0
19051,0.0
15652,0.6
29512,0.2
24756,0.0
34651,0.2
7039,0.2
184,0.4
3369,0.0
29948,0.2
10675,0.2
30053,0.2
11427,0.2
16171,0.4
37028,0.0
13493,0.0
18506,0.0
19643,1.0
14990,0.4
30360,0.0
25139,0.2
13902,0.2
12642,0.0
11173,0.0
35041,0.0
38558,0.0
31593,0.4
23885,0.2
4231,0.4
32785,0.6
13293,0.4
11983,0.0
37259,0.0
12162,0.0
25329,0.0
11977,0.2
26903,0.0
5191,0.2
20342,0.0
20729,0.0
34772,0.2
23868,0.0
39898,0.6
7979,0.4
32533,0.0
26017,0.2
28175,0.0
23683,1.0
6341,0.0
13101,0.0
30494,0.0
22709,0.2
36559,0.6
31472,0.2
7192,0.2
12525,0.0
3657,0.2
31168,0.0
23040,0.8
31682,0.2
36769,0.2
23171,0.2
37563,0.2
33443,0.0
1964,0.0
32451,0.2
21300,0.4
18664,0.8
2205,0.0
11046,0.0
4355,0.0
36755,0.8
35818,0.2
4008,0.0
20899,0.0
3637,0.2
36261,0.2
16711,0.2
24873,0.0
8353,0.2
24178,0.6
13904,0.0
16106,0.4
37917,0.2
37596,0.0
26984,0.2
38616,0.4
20263,0.0
13803,0.6
16633,0.2
18566,0.4
37933,0.0
19846,0.0
7719,0.2
32272,0.0
34787,0.6
23303,0.4
29319,0.2
12092,0.2
27563,0.0
28173,0.0
23626,0.2
22141,0.0
13023,1.0
17075,0.0
40374,0.0
35809,0.2
27143,0.4
26348,0.4
29250,0.0
7562,0.8
37440,0.2
11134,0.2
40635,0.2
14531,0.2
13680,0.2
32447,0.0
33634,0.0
9234,0.4
31807,0.8
3401,0.4
26278,1.0
25904,0.0
20951,0.0
18816,0.0
37503,0.2
14529,0.0
23584,0.0
30442,0.2
12784,0.0
35859,0.6
27459,0.2
17997,0.0
27458,0.4
1693,0.6
27784,0.2
29835,0.8
34734,0.4
25136,0.0
18476,0.2
5925,0.6
14865,0.4
29956,0.4
36818,0.4
3436,0.0
28296,0.0
34806,0.4
3689,0.2
12008,0.0
8455,0.2
8505,1.0
21667,0.2
4960,0.2
22822,0.2
15787,0.0
30021,0.0
13721,0.4
33396,0.4
5904,1.0
23473,0.0
18871,0.4
36360,0.6
14579,0.4
2456,0.2
11508,0.0
29971,0.0
24598,0.0
12237,0.2
20404,0.2
2778,0.0
18152,0.0
33941,0.0
15234,0.2
6799,0.8
35195,0.2
3503,0.2
4545,0.2
20047,0.0
16497,0.2
26259,0.2
451,0.0
40781,0.0
20612,0.2
35284,0.0
24721,0.0
14034,0.0
10466,0.2
10818,0.2
6318,0.0
38519,0.6
8468,1.0
10992,0.0
18114,0.0
1681,0.0
12351,0.4
30480,0.0
7319,0.8
14797,0.8
29788,0.0
35138,0.0
37537,0.0
14820,0.2
670,0.2
28596,0.0
36969,0.8
39884,0.0
38623,0.2
39454,0.0
20742,0.0
39826,0.0
15389,0.2
11562,0.0
37974,0.2
14427,0.0
35765,0.4
31161,0.0
20964,1.0
32364,0.0
15488,0.8
9473,0.0
29218,0.0
36730,0.0
27260,1.0
5977,0.4
29935,0.2
5531,0.4
14700,0.2
13945,0.2
32930,0.0
20984,1.0
3439,0.0
21901,0.4
9001,0.0
28501,0.4
17915,1.0
40720,0.0
4057,0.0
39161,0.2
15654,0.4
13756,0.0
33097,0.4
20379,0.4
16581,0.0
12115,0.8
8292,0.0
762,0.0
37502,0.2
40161,0.0
31133,0.0
38607,0.4
306,0.2
4802,0.0
6233,0.2
13573,0.0
15402,0.2
5579,0.0
35221,0.2
35658,0.0
11383,0.2
3229,0.2
1462,0.8
18316,0.0
32295,0.6
3722,0.2
25430,1.0
28605,0.4
31349,0.2
21824,0.4
34933,0.0
23254,0.0
23896,0.0
23465,0.0
8667,0.0
37128,0.6
11359,0.2
30973,0.6
36069,0.0
37985,0.0
35958,0.0
36741,0.0
21679,0.4
7469,0.2
11270,0.0
9016,0.2
7627,0.0
40511,0.4
1715,0.2
40652,0.2
37243,0.2
22904,0.2
22884,0.0
19598,0.0
19258,0.0
26116,0.0
971,0.0
11813,0.0
34316,0.4
22364,0.6
22317,0.0
16155,0.0
1514,0.2
8602,0.6
28243,0.0
17972,0.0
1533,0.0
1712,0.0
1985,0.2
40667,0.2
13640,1.0
25685,0.0
464,0.0
28062,0.2
16566,0.0
7716,0.8
30501,0.0
27383,0.0
39813,0.0
4188,0.0
25362,0.2
24985,0.2
13251,0.2
3337,0.2
4451,0.4
6631,0.8
25375,0.4
8924,0.6
20646,0.0
8153,0.0
31272,0.2
15157,0.0
18018,0.4
18999,0.2
32775,0.0
18010,0.0
33224,0.0
18742,0.0
34314,0.2
7536,0.0
26937,0.0
3906,0.4
32563,0.4
8773,0.0
35215,0.2
6914,0.2
34629,0.2
38162,0.2
14626,0.4
8928,0.2
4863,0.4
33277,0.8
359,0.0
10923,0.2
7809,0.0
8376,0.2
14288,0.4
17082,0.0
38839,0.2
40510,0.4
23132,0.0
20457,0.2
29228,0.2
7237,0.6
7391,0.0
10574,0.2
15322,0.4
10493,0.0
12789,0.2
8221,0.2
14177,0.2
22394,0.2
16212,0.2
35925,0.2
10130,0.2
2034,0.2
1645,0.2
7047,0.0
30043,0.8
9446,0.0
9795,0.0
12694,0.2
29632,0.0
3669,0.0
24923,0.0
32484,0.8
27800,0.2
5936,0.0
10035,0.2
28687,0.0
11544,0.0
23843,0.2
7824,0.0
26964,0.0
23237,0.0
4476,0.2
40513,0.0
28238,0.4
39309,0.4
37805,0.0
2400,0.0
6638,0.2
22988,0.2
21532,0.4
4259,0.0
14553,0.8
23393,0.0
21499,0.0
7612,0.0
35397,0.0
4999,0.2
32020,0.2
18218,0.0
12252,1.0
25035,0.0
3046,0.4
9447,0.0
9851,0.2
28917,0.0
24531,0.4
33265,0.6
20824,0.4
36157,0.0
40108,0.2
11352,0.4
23503,0.0
28184,0.0
31320,0.0
9630,0.2
33989,0.4
9336,0.0
39350,0.2
7492,0.4
4656,0.0
4361,0.0
28048,0.4
10869,0.0
20600,0.4
24088,0.8
1248,0.2
12454,0.4
31910,0.4
12559,0.0
27388,0.2
14740,0.4
5486,0.2
20371,0.6
545,0.8
30425,0.0
4822,0.4
38788,0.0
26472,0.2
11299,0.4
4513,0.0
36644,0.0
5881,0.0
37696,0.0
13427,0.0
27917,0.0
6742,0.4
25466,0.2
10521,0.0
16516,0.0
40339,0.4
7175,1.0
38242,0.0
1394,0.0
39135,0.4
20632,0.2
34655,0.0
12142,0.0
18893,0.4
30032,0.0
13232,0.2
23495,0.0
31867,0.0
14142,0.0
15729,0.2
31259,0.4
38017,0.2
34549,0.0
13015,0.0
1241,0.2
802,0.4
8630,0.4
13332,0.2
38053,0.2
10017,1.0
21240,0.0
8737,0.2
32630,0.0
6974,0.4
22235,0.4
14866,1.0
28075,0.0
3413,0.4
22108,0.0
13245,0.2
9469,0.0
27222,0.0
35009,0.0
9846,0.0
13760,0.2
41132,0.8
4384,0.4
31414,0.2
344,0.0
14437,0.0
14547,0.0
11797,0.4
7912,0.2
31893,0.0
24428,0.0
28762,1.0
13909,0.0
15755,0.2
10292,0.2
23647,0.0
11020,0.0
17874,0.0
26521,0.4
22724,0.2
153,0.4
40806,0.4
8322,0.0
13453,0.2
37859,0.6
16378,0.0
28266,0.0
4045,0.6
238,0.0
1629,0.2
19527,0.2
766,0.0
5128,0.2
20022,0.0
28176,0.0
24396,0.2
5418,0.2
26003,0.0
18885,0.4
31878,0.2
25424,1.0
40271,0.0
16769,0.4
15118,0.4
29150,1.0
14207,0.0
37991,0.0
27936,0.2
4310,0.0
23710,0.0
20020,0.0
5208,0.2
36530,0.6
19045,0.2
18173,0.2
15181,0.0
19158,0.2
146,0.4
3825,0.0
2512,0.0
31817,0.0
742,0.0
5745,0.0
28919,0.0
28576,0.4
27493,0.0
26886,0.4
5488,0.0
31359,0.8
23965,0.0
2702,0.0
8168,0.0
4579,0.2
8987,0.0
24885,0.0
13484,0.0
30828,0.2
18280,0.0
39522,0.2
1222,0.4
38459,0.0
4587,0.2
34319,0.0
2525,0.2
5919,0.0
15054,0.2
27207,0.2
13899,0.2
16794,0.8
8634,0.2
24732,0.4
30380,0.2
17546,0.0
3552,1.0
28137,0.2
3143,0.0
40622,0.6
20664,0.4
14098,0.4
10836,0.2
13579,0.4
19904,0.2
14108,0.2
18442,0.2
27291,0.0
37172,0.0
15085,0.0
21734,0.6
2065,0.2
25025,0.2
35452,0.0
281,0.4
29738,0.0
39836,0.6
9537,0.0
26262,0.4
3936,0.2
18484,0.2
38745,0.4
14262,0.0
8748,0.0
40034,0.4
15849,0.0
11008,0.0
27271,0.2
652,0.2
16435,0.0
32005,1.0
19916,0.0
5956,0.2
36895,0.2
19730,0.4
6649,0.0
26008,0.2
1774,0.2
1605,0.2
10270,0.2
38855,0.2
33364,0.2
19498,0.2
1765,0.4
37401,0.2
30282,0.0
16664,0.2
21340,0.2
10356,0.2
16314,0.0
39403,0.4
35740,0.0
28396,0.2
15369,0.2
27952,0.0
21227,0.2
28797,0.4
22847,0.2
8531,0.0
3106,0.0
5913,0.8
22707,0.4
22913,0.0
22556,0.0
18754,0.2
20935,0.0
32142,0.0
2973,0.2
30547,0.0
6836,0.4
26922,0.0
28872,0.0
1657,0.0
24266,0.0
12560,0.2
30,0.2
30663,0.4
29892,0.0
1260,0.0
16835,0.2
20486,0.0
20542,0.0
40114,0.0
34851,0.0
40485,0.0
40620,0.0
7259,0.0
37065,0.2
34758,0.2
22802,0.0
37484,0.4
30695,0.2
40091,0.4
6203,0.2
7472,0.4
9183,0.0
19809,0.0
30505,0.4
14601,0.2
37916,0.0
16008,0.2
7470,0.0
3105,0.0
9581,0.4
12002,0.0
39924,0.6
32750,0.4
11695,0.6
39346,0.2
18439,0.4
13120,0.0
34737,0.4
1820,0.0
13462,0.0
27841,0.2
11772,0.2
18948,0.0
23654,0.2
19758,0.0
29031,0.2
34889,0.4
13435,0.4
33693,0.0
10600,0.0
40378,0.8
19347,0.0
32824,0.2
15540,0.0
36447,0.0
35079,0.2
32623,0.2
25416,0.2
41006,0.0
11254,0.8
1145,0.0
12886,0.4
38041,0.0
6300,0.0
24095,0.6
37907,0.0
31368,0.0
6212,0.0
14455,0.0
29621,0.0
30311,0.2
26717,0.0
34934,0.0
24503,0.0
4301,0.0
23482,0.0
30374,0.0
31500,0.4
39023,1.0
7258,0.0
9566,0.0
23586,0.0
10009,0.8
38299,0.0
30108,0.0
37516,1.0
29589,0.0
33957,0.0
13731,0.6
40337,0.2
36062,0.0
40072,0.2
39526,0.2
8486,0.4
39821,0.0
3993,0.0
25561,0.0
10855,0.4
1121,0.0
20016,0.8
31683,0.0
35732,0.0
35101,0.0
14955,0.4
24526,0.2
4699,0.0
23663,0.0
27040,0.2
20516,0.0
21735,0.0
24207,0.6
22567,0.4
4962,0.4
18755,0.2
23169,0.2
20358,0.0
35973,1.0
19637,0.2
31417,0.4
27286,0.0
33729,0.0
27494,0.4
27087,0.0
25146,0.4
37231,0.2
27781,0.0
2887,0.4
23184,0.0
18607,0.2
24041,0.0
17253,0.4
792,0.6
23853,0.0
12879,0.2
17124,1.0
28009,0.4
40007,0.2
13633,0.0
36413,0.0
4896,0.2
16778,0.0
13070,0.0
32042,0.6
22039,0.2
21355,0.2
4275,0.0
7738,0.0
37088,0.8
25301,0.2
40866,0.2
7425,0.4
19623,0.0
12575,0.2
10091,0.4
18175,0.2
36025,0.4
163,0.0
7233,0.4
28470,1.0
17085,0.4
27492,0.0
18640,0.0
23332,0.0
27578,0.0
16325,0.0
38310,0.2
29719,0.2
5428,0.4
14282,0.2
10056,0.6
16154,0.2
5764,0.0
27576,0.0
19141,0.2
34212,0.2
16338,0.6
27799,0.2
38452,0.2
14854,0.6
25506,0.2
26514,0.2
21733,0.2
29475,0.0
7005,0.0
35208,0.4
8357,0.0
33308,0.2
1742,0.0
37021,0.0
22874,0.0
4059,0.0
40473,0.2
32806,0.0
25849,0.0
26599,0.2
34679,0.6
8179,0.2
2790,0.0
18331,0.4
4607,0.8
4480,1.0
14833,0.0
11976,0.0
10669,0.0
9804,0.4
18499,0.0
19181,0.0
29824,0.0
30426,0.0
15737,0.6
15622,0.0
4819,0.0
3259,0.0
22109,0.0
17270,0.2
2654,0.4
4786,0.4
11318,0.2
41179,0.0
39949,0.2
12152,0.8
14267,0.0
22771,0.2
8127,0.0
25575,0.0
26081,0.2
21970,0.4
14476,0.8
16293,0.2
14213,0.4
1688,0.4
6264,0.2
35008,0.4
8107,0.0
15252,0.0
35116,0.6
27999,0.2
24348,0.0
24761,0.0
2292,0.4
35419,0.2
2195,0.0
8186,0.0
34146,0.0
39195,0.2
19755,0.0
4244,0.0
19493,0.0
12415,0.0
39067,0.2
30447,0.2
14135,0.0
13085,0.2
7012,0.2
26352,0.2
9589,0.2
25276,0.8
2657,0.0
26036,0.0
3745,0.2
2343,0.6
3836,0.0
23270,0.2
20418,0.4
32767,0.2
22997,0.4
10536,0.0
26042,1.0
14484,0.8
23889,0.0
230,0.0
13616,0.0
26313,0.4
19549,0.4
11865,0.0
7082,0.4
39290,1.0
27660,0.0
40472,0.4
17010,0.0
4311,0.0
20723,0.4
28317,0.0
31244,0.8
34843,0.0
1664,0.4
22093,0.2
30078,1.0
2890,0.0
7068,0.2
21742,0.4
17042,0.0
19108,0.0
35861,0.0
1799,0.0
35014,0.0
17682,0.0
30267,0.0
34526,0.2
9057,0.0
37100,0.2
16344,0.6
25497,0.2
6990,0.2
2214,0.2
24933,0.8
35268,0.2
33569,0.0
36637,0.4
30578,0.2
39007,0.4
8889,1.0
16303,0.0
35396,0.2
18425,0.4
28439,1.0
30860,0.6
191,0.2
36471,0.0
956,0.0
21820,0.2
1525,0.0
1451,0.0
1756,0.0
7609,0.0
17511,0.4
30140,0.4
29973,0.2
14800,1.0
13443,0.2
7969,0.6
9823,0.4
33807,0.0
11033,1.0
28188,0.2
29089,0.2
8330,0.0
19524,0.8
9773,0.0
27518,0.2
8628,0.0
30742,0.0
38102,0.8
35179,0.2
35764,0.2
29387,0.2
26420,0.0
14016,0.0
8296,0.2
18120,0.0
38366,0.2
27195,0.8
21963,0.6
9267,0.8
7225,0.4
25526,0.4
38637,0.0
31803,0.8
16975,0.0
20004,0.4
28189,0.0
10226,0.2
278,0.0
1189,0.0
4630,0.2
31848,0.8
34159,0.2
38774,0.2
9884,0.0
28618,0.0
10829,0.2
26202,1.0
30272,0.4
40537,1.0
30606,0.2
32982,0.0
9135,0.0
30903,0.0
39846,0.2
270,0.0
3156,0.4
16426,0.2
40666,0.0
27347,0.6
35690,0.0
34064,0.2
38464,0.2
17538,0.2
26709,0.2
28950,0.0
36714,0.2
34046,0.4
10973,0.4
36123,0.0
39981,0.0
30400,0.4
24011,0.6
30486,0.4
29153,0.0
886,0.0
26133,0.0
40609,0.0
17403,0.0
38478,0.0
31007,0.4
12596,0.0
5226,0.4
8325,0.2
26193,0.0
12979,0.0
19547,0.2
20435,0.2
3681,0.0
30728,0.6
15944,0.2
27704,0.8
6356,0.4
40570,0.2
18599,0.0
19154,0.0
33959,0.4
33540,0.0
2432,0.2
2194,0.6
20594,0.0
37964,0.0
12080,0.0
10786,0.2
14256,0.0
37116,0.0
5479,0.2
14239,0.2
34887,0.0
26725,0.0
8501,0.2
6453,0.0
29462,0.0
31966,0.4
30589,0.4
32854,0.0
16042,0.2
12186,0.2
11108,1.0
39772,1.0
22131,0.2
2030,0.4
23440,0.0
39874,0.4
16387,0.4
14365,0.8
5032,0.2
14524,0.0
7955,0.2
34918,0.4
31651,0.2
32518,0.0
35214,0.0
40852,1.0
17878,0.0
22982,0.0
27614,0.0
27865,0.0
35282,0.4
11606,0.0
1730,0.2
29713,0.2
30623,0.4
15190,0.2
4947,0.0
19121,0.6
37700,0.0
23817,0.4
3618,0.0
10065,0.4
19163,1.0
39564,0.0
38631,0.2
31147,0.0
18722,0.0
40893,0.8
27478,0.2
9873,0.0
34555,0.2
22492,0.4
26134,0.0
33290,0.4
20914,0.2
6568,0.2
29388,0.0
40346,0.2
35619,0.2
5728,0.4
30020,0.4
14397,0.2
8788,0.0
10937,0.0
7998,0.0
24574,0.0
24060,0.2
7480,0.0
16740,1.0
6800,0.0
38416,0.2
40923,0.0
13301,0.4
8138,0.2
14234,0.0
28634,0.0
38845,0.2
36266,0.2
35997,0.0
18189,0.0
11413,0.6
39887,0.2
33833,0.2
32843,0.2
8875,0.4
39745,0.8
18342,0.2
39120,0.4
13002,0.4
6334,0.0
28471,0.4
10532,0.0
7289,0.2
13141,0.0
36638,0.0
4623,0.4
24314,0.2
18756,0.0
31303,0.0
19725,0.0
6031,0.0
31760,0.0
13538,0.4
14418,0.2
892,0.8
13104,0.2
29161,0.0
40127,0.2
11105,0.0
2511,0.0
5259,0.4
23959,0.0
5124,0.2
24053,0.4
7943,0.0
26688,0.0
38521,0.0
31722,0.0
27632,0.0
38280,0.2
31078,0.0
7471,0.0
11958,0.0
11235,0.2
18452,0.4
23570,0.2
25603,0.0
1481,0.0
12977,0.0
2536,0.0
10393,0.2
37205,0.0
52,0.0
39847,0.0
5313,0.2
25654,0.4
12959,0.2
27979,0.0
17750,0.0
28250,0.2
20094,0.6
11012,0.4
1415,0.0
6421,0.0
18087,0.2
30003,0.2
4318,0.0
18071,0.2
24685,0.0
31533,0.0
19377,0.2
19735,0.0
29078,0.2
12805,0.8
32470,0.0
29390,0.4
23836,0.0
38391,0.6
11986,0.2
31489,0.4
37058,0.2
23705,0.4
21479,0.2
39594,0.2
4765,0.2
13830,0.0
22182,0.2
9024,0.4
29855,0.2
1429,0.2
39216,0.2
15113,0.0
28239,0.2
33580,0.0
33894,0.2
16893,0.4
11878,0.6
6656,0.2
35573,0.4
37011,0.0
4349,0.0
11901,0.0
19925,0.0
34004,0.0
26882,0.2
648,0.4
29057,0.2
23153,0.4
6213,0.4
11211,0.4
38867,0.0
27175,0.0
31297,0.0
19070,0.0
11364,0.2
37748,0.4
3123,0.0
26545,0.0
2134,0.0
6416,0.4
35794,0.2
36184,0.4
32810,0.0
40962,0.0
33815,0.0
34769,0.0
10028,0.4
11265,0.0
8144,0.4
28354,0.4
10153,0.0
549,0.4
32137,0.0
18539,0.0
2464,0.2
39139,0.6
20801,0.2
11308,0.2
16676,0.0
8479,0.0
17507,0.0
40040,0.0
33611,0.8
14342,0.2
25969,0.2
34638,0.0
16094,0.4
22799,0.0
34252,0.2
23717,0.0
21708,0.0
32905,0.2
1902,1.0
3958,0.0
5468,0.4
29823,0.6
7271,0.4
27473,0.0
14063,0.2
1592,0.0
17892,0.0
33875,0.4
39159,0.8
7353,0.4
11497,0.0
5739,0.0
23996,0.0
2224,0.0
31678,0.0
20719,0.0
8632,0.0
33335,0.0
7665,0.2
8853,0.2
24146,0.2
20394,0.0
34485,0.2
39513,0.0
39209,0.2
39298,1.0
2204,0.8
40227,0.4
38333,0.0
17332,0.4
6423,0.2
24987,0.0
28406,0.2
33499,0.2
13220,0.6
10392,0.2
16987,0.2
36038,0.4
4461,0.4
40669,0.2
25051,0.2
29884,0.0
1312,0.2
22679,0.0
10381,0.2
2277,0.0
30627,0.0
14746,0.0
875,0.2
11147,0.0
40654,0.4
33961,0.4
15751,0.2
10086,0.0
18154,0.0
3747,0.4
19326,0.4
24801,0.0
17257,0.0
14670,0.0
17119,0.0
33267,0.0
1882,0.0
25838,0.2
32756,0.0
928,0.0
5761,0.8
18427,1.0
3258,0.2
15641,0.4
9573,0.0
29157,0.2
4175,0.0
2114,0.2
22324,0.0
21731,0.2
2265,0.6
14248,0.0
1105,0.0
4018,0.0
39420,0.0
16244,0.6
20209,0.4
25819,0.4
36363,0.0
4758,0.8
34464,0.2
13315,0.0
15824,0.0
19826,0.4
9155,0.0
26895,0.2
7170,0.8
36068,0.2
34094,0.2
6380,0.2
17301,0.2
35157,0.0
40616,0.2
7462,0.4
36073,0.2
28192,0.0
21044,0.8
31994,0.0
14360,0.0
14574,0.0
10375,0.4
19746,0.0
6998,0.0
39923,0.4
34493,0.0
30139,0.0
14984,0.6
38820,0.2
14956,0.0
26434,0.2
33733,0.2
12015,0.0
3016,0.4
36936,0.0
19823,0.0
23678,0.4
36158,0.0
4956,0.2
7543,0.0
30539,0.4
11607,0.6
37556,0.0
8011,0.0
5439,0.4
11087,0.2
36814,0.2
40819,0.2
30684,0.2
22868,0.6
12938,0.2
5639,0.2
34822,0.8
28672,0.0
33418,0.0
17341,0.0
3065,0.0
19066,0.0
25735,0.8
8268,1.0
6420,0.2
29801,0.0
20297,1.0
35088,0.2
26453,0.2
19203,0.4
623,0.0
13297,0.0
30675,0.0
28754,0.0
3283,0.4
26220,1.0
15987,0.2
808,0.0
12470,0.0
18254,0.2
27790,0.2
8658,0.4
34339,0.4
19026,0.0
33185,0.2
9025,0.0
14278,0.0
15249,0.6
5920,0.6
11219,0.2
22779,0.0
28201,0.2
24653,0.4
41027,0.0
28101,0.2
39252,0.2
9621,0.4
15093,0.0
36654,0.4
31626,0.0
24039,0.4
9938,0.0
24009,0.0
38050,0.2
17986,0.6
22155,0.0
5633,0.2
20770,0.0
3510,0.0
34266,0.0
38964,0.0
27017,0.0
19704,0.6
37569,0.2
32725,0.2
23083,0.4
21110,0.0
11733,0.0
22418,0.0
31907,0.6
1218,0.0
4367,0.2
37764,0.0
11548,0.0
23510,0.0
36692,0.0
8021,0.0
6298,0.4
21090,0.2
5245,0.0
28494,0.2
21604,0.0
13282,0.6
9895,0.6
7463,0.0
4184,0.0
22110,0.2
19536,0.2
24586,0.2
1347,0.8
4418,0.4
40795,0.2
35880,0.6
9915,0.2
39727,0.2
26239,0.4
40186,0.0
21774,0.0
26837,0.2
25778,0.4
35845,0.6
39758,0.0
30456,0.0
2351,0.2
32978,0.2
15424,0.2
24343,0.0
26361,0.2
5494,0.0
28763,0.4
19724,0.2
27188,0.0
22589,0.0
40366,0.2
38199,0.0
21990,0.4
3819,0.2
13533,0.8
19830,0.0
39288,0.0
33579,0.0
5986,0.0
85,0.0
13919,0.4
17474,0.2
9833,0.0
14035,0.0
40005,0.0
24476,0.2
29282,0.0
24828,0.2
27083,0.4
34340,0.2
4071,0.2
2089,0.4
15474,1.0
31015,0.0
33735,0.8
1545,0.0
36455,0.0
36537,0.6
22727,0.8
5117,0.0
25739,0.4
39081,0.0
38796,0.0
30395,0.2
35728,0.2
17284,0.6
34033,0.4
38841,0.6
14871,0.2
5230,0.0
34268,0.0
12419,0.2
28306,0.0
24665,0.2
33095,1.0
37238,0.6
22966,0.0
9216,0.2
15636,0.2
30202,0.0
29793,0.0
6468,0.2
40279,0.0
1319,0.4
33161,0.0
36002,0.2
33011,0.2
29760,0.0
14675,0.8
6163,0.0
8048,0.0
36746,0.4
17491,0.0
18974,0.0
25159,0.2
15400,0.2
34602,1.0
20188,0.0
34964,0.2
24601,0.2
1264,0.0
27571,0.0
34535,0.2
33992,0.0
23258,0.2
2133,0.0
2942,0.0
8952,0.0
12329,0.4
8566,0.0
12266,0.0
29850,0.2
25667,0.4
25180,0.2
26746,0.0
1288,0.0
34185,0.2
24854,0.6
31492,0.0
13618,0.4
3441,0.8
30749,0.0
18747,0.2
23670,0.0
22708,0.2
6939,0.0
35422,0.2
3659,0.4
28886,0.0
2893,0.2
2783,0.2
31498,0.2
35520,0.0
35270,0.2
2952,0.6
39339,1.0
25119,0.0
1808,0.2
8940,0.0
11347,0.2
31838,0.4
29403,0.0
35151,0.4
28299,0.2
2564,0.2
4142,0.0
19038,0.4
34022,0.4
29623,0.2
22055,0.2
27483,0.8
21764,0.2
17529,0.2
14317,0.2
32251,0.2
31856,0.4
23322,0.0
4546,0.4
18730,0.4
4689,0.4
5300,0.6
26086,0.0
20155,0.0
34945,0.0
29827,0.2
15262,0.4
32652,0.0
15080,0.0
13917,0.0
22872,0.2
25260,0.2
19329,0.0
577,0.4
1815,0.2
25657,0.8
35964,0.2
32851,0.8
25004,0.6
6868,0.2
25827,0.0
9351,0.0
22014,0.6
39871,1.0
25439,0.8
19652,0.4
19819,0.0
27150,0.0
35106,0.2
38734,0.0
30186,0.4
4601,0.2
34173,0.2
3175,0.2
5825,0.0
6630,0.2
35524,0.2
35561,0.2
8960,0.0
31336,0.0
790,0.2
32078,0.0
30473,0.2
32475,0.4
38142,0.0
28681,0.2
30847,0.6
3373,0.0
27850,0.0
22450,0.0
21478,0.2
28488,0.2
10490,0.0
13323,0.2
28788,0.2
6981,0.2
29295,0.4
3725,0.0
33102,0.4
40559,0.0
6378,0.0
11081,0.2
40869,0.2
21442,0.2
2812,0.2
14953,0.2
12190,0.4
25059,0.2
13958,0.8
2633,0.2
8100,0.0
29681,0.4
36310,0.2
5187,0.2
31671,0.2
34798,0.0
4144,0.2
31623,0.0
9040,0.0
237,0.2
1066,0.0
17991,0.0
11517,0.0
9368,0.0
8378,0.0
867,0.0
13174,0.0
39860,0.0
34201,0.2
3313,0.6
26395,0.0
3671,0.0
958,0.0
4077,0.0
9516,0.0
32061,0.2
1614,0.0
25660,0.0
25563,0.2
24044,0.8
13602,0.2
9627,0.0
9840,1.0
26407,0.2
36813,0.4
3879,0.0
6020,0.2
33470,0.0
23138,0.2
12529,0.0
10116,0.2
38904,1.0
6442,0.2
2990,0.4
26459,0.2
12395,0.0
5476,0.0
9288,0.8
14249,0.4
473,0.0
3903,0.0
23662,0.0
23930,0.0
26373,1.0
23903,0.2
20645,0.0
2968,0.4
35357,0.2
13127,0.0
18434,0.0
13766,0.2
17441,0.2
469,0.4
9866,1.0
313,0.8
9899,0.2
18146,0.4
30610,0.4
29496,0.2
32847,0.4
15478,0.8
14883,0.0
6817,0.0
28666,0.0
35581,0.2
15354,0.2
14117,0.0
13197,0.4
9165,1.0
14410,0.0
11877,0.4
35701,0.2
17189,0.0
11554,0.0
2484,0.6
10380,0.0
28484,0.4
23563,0.0
34670,0.0
27255,0.6
24943,0.8
20576,0.8
25354,0.4
24861,0.4
27692,0.2
4576,0.2
15484,0.2
843,0.4
6461,0.2
37118,0.2
26875,0.0
36027,0.0
30724,0.2
10098,0.2
3137,0.0
37392,0.2
12963,0.2
19296,0.2
18447,1.0
10286,0.2
383,0.0
36424,0.4
35416,0.4
27092,0.0
28220,0.4
24410,0.4
32846,0.0
25109,0.0
38575,0.0
13485,0.2
9847,0.2
19184,0.0
16309,0.0
40583,0.0
19727,0.2
12476,0.0
14640,0.2
34017,0.0
9824,0.0
16374,0.0
16144,0.0
13813,0.0
37592,0.4
11002,0.0
19505,0.0
1709,0.2
503,0.2
7454,0.0
22828,0.0
19917,0.2
10555,0.6
5144,0.2
20877,0.4
40341,0.6
25262,0.2
15529,0.2
27027,0.4
36245,0.2
23128,0.0
4711,0.8
35372,0.4
39355,0.2
13107,0.4
21490,0.0
17460,0.6
21233,0.4
16853,0.4
8703,0.0
35804,0.2
40728,0.6
32497,0.0
14231,0.0
38465,0.0
31175,0.2
959,0.0
26426,0.2
27273,0.2
31032,0.2
5345,0.0
28874,0.4
4364,0.0
32809,0.6
19231,0.2
29877,0.4
7236,0.2
3112,0.0
3448,0.2
10903,0.2
11112,1.0
8504,0.4
19387,1.0
11151,0.2
31467,0.0
24296,0.0
30962,0.2
37067,0.4
14216,0.0
1848,0.0
15451,0.4
16592,0.0
29661,0.4
34410,0.0
12417,0.2
7747,0.0
19972,0.0
34832,0.2
15759,0.2
922,0.8
13391,0.0
33474,0.4
26392,0.8
30429,0.2
31872,0.2
35500,0.0
9580,0.0
38187,0.2
853,0.4
11807,0.0
9139,0.0
32542,0.2
12782,0.0
5901,0.8
36641,0.0
4950,0.0
25860,0.0
39862,0.4
4447,0.2
28018,0.2
23114,0.0
5615,0.8
5585,0.0
31170,0.0
28830,0.0
16505,0.4
15289,0.0
20238,0.2
13185,0.4
32771,0.0
7203,1.0
1687,0.2
28335,1.0
2957,0.4
12593,0.0
20529,0.2
17756,0.0
29904,0.2
7551,0.2
13714,0.0
5454,0.4
29236,0.2
16823,0.2
39398,0.0
10554,0.2
11773,0.2
17605,0.0
16098,0.0
26386,0.2
39076,0.0
3844,0.0
18972,0.0
14433,0.0
3685,0.0
8558,0.4
38494,0.6
22628,0.0
17037,0.6
28044,0.0
23163,0.0
22881,0.0
9004,0.0
11467,0.0
32534,0.0
12486,0.0
5377,0.8
1880,0.2
19332,0.0
39578,0.0
32450,0.4
3495,0.0
19984,1.0
4266,0.0
34508,0.2
13852,0.0
14219,0.0
37530,0.6
31458,0.2
19612,0.4
1033,1.0
33730,1.0
8116,0.6
16816,1.0
8817,0.0
1068,0.2
59,0.2
37539,0.8
11527,0.2
12972,0.0
582,0.2
18086,0.2
26760,0.6
26827,0.4
7643,0.0
34295,0.0
31992,0.2
15383,0.4
38683,0.6
41028,0.2
26172,0.2
24717,0.2
18949,0.0
10541,0.0
1662,0.6
40112,0.2
24461,0.4
20509,0.0
22184,0.2
13956,0.6
14421,0.2
9080,0.8
21314,0.2
13843,0.0
12114,0.0
5888,0.0
28996,0.2
9817,0.2
26248,0.6
22659,0.0
18624,0.0
8106,0.0
32394,0.2
21112,0.4
41058,0.2
1866,0.2
13111,1.0
24142,0.2
7790,0.0
1423,0.4
3570,0.6
15935,0.4
2584,0.2
20126,0.4
6859,0.0
1370,0.4
23105,0.4
1116,0.6
19910,0.0
4200,0.6
3739,0.4
15802,0.2
900,0.2
8512,0.0
12619,0.2
22648,0.0
38546,0.0
28031,1.0
4621,0.8
30465,0.4
37219,0.4
12712,0.0
24729,0.0
35734,0.0
19322,0.0
3878,0.0
13845,0.2
17836,0.2
16386,0.2
25610,0.2
36857,0.0
32442,0.0
23701,0.0
33134,0.0
40140,0.2
24151,0.2
6066,0.2
17263,0.0
32347,0.4
29741,0.0
5866,0.2
36146,0.2
31516,0.0
10110,0.6
11438,0.2
39005,0.0
7296,0.2
33452,0.0
6381,0.0
11742,0.0
20793,0.4
39948,0.0
19420,0.0
9049,0.0
21225,0.0
40649,0.2
31260,0.2
22209,0.2
26784,0.2
24813,0.2
26483,0.0
12122,0.0
21813,0.4
20117,0.2
2180,0.0
32818,0.0
659,0.0
3343,0.0
23957,0.0
11326,0.0
5422,0.2
11969,1.0
726,0.0
21528,0.0
38502,0.0
8270,0.2
29977,0.0
34063,0.4
4189,0.2
39064,0.0
24944,0.0
32612,0.0
11539,0.0
19653,0.0
22231,0.0
19922,0.0
19256,0.0
24398,0.4
11751,0.2
15894,0.2
21408,0.4
25186,1.0
29305,0.4
29459,0.0
5783,0.0
37378,0.0
5267,0.8
30327,0.0
5902,0.0
21197,0.6
1471,1.0
16616,0.0
12731,0.0
37982,0.0
7508,0.0
7548,0.4
18139,0.0
32286,0.4
33318,0.0
3154,0.6
18625,0.2
34689,0.0
31312,0.0
15794,0.2
5473,0.2
19957,0.4
8729,0.2
1207,0.2
38757,0.2
29542,0.0
33455,0.0
25480,0.0
7799,0.4
36742,0.0
27172,0.2
35708,0.0
6173,0.0
38842,0.2
11943,0.0
5961,0.0
3133,0.8
3282,0.6
31150,0.2
24521,0.6
32947,0.2
30276,0.0
26256,0.0
30448,0.0
20743,0.2
20198,0.6
23359,0.2
30300,0.2
8783,0.2
12674,0.2
13844,0.0
41122,0.2
35875,0.0
38939,0.0
34086,0.0
23366,0.4
967,0.0
33595,0.2
21328,0.4
36751,0.0
33887,1.0
13003,0.0
75,0.0
9781,0.4
32473,0.6
26749,0.8
34885,0.2
18475,0.6
4023,0.0
6106,0.4
40759,0.0
19397,0.0
4561,0.4
7714,0.0
20595,0.2
20802,0.4
33975,0.2
7051,0.0
5948,0.0
39879,0.0
27501,0.6
23218,0.0
38409,0.2
34627,0.0
21982,0.0
36219,0.0
28094,0.0
1331,0.0
1209,0.8
19424,0.2
21554,0.0
2595,0.2
16112,0.2
22601,0.0
31998,0.2
31860,0.0
18100,0.0
39091,0.4
25062,0.4
28682,0.2
25220,0.0
31301,0.0
8312,0.2
18994,0.2
33336,0.2
13614,0.2
10031,0.0
19638,0.2
5665,0.4
15657,0.0
2982,0.4
455,0.4
26640,0.2
26588,0.2
32393,0.0
13927,0.8
3454,0.2
18214,0.0
31749,0.2
13693,0.0
23174,0.4
38763,0.0
30437,0.0
40462,0.0
18518,0.2
36339,1.0
8425,0.2
33548,0.0
22156,0.0
40554,0.4
10029,0.0
15343,0.0
18833,0.2
10579,0.2
38450,1.0
40217,0.2
17159,0.2
4,0.0
12139,0.4
14841,0.0
29785,0.0
7503,0.2
28914,0.4
36587,0.2
38840,0.0
29205,0.8
29350,0.0
27064,0.2
6479,0.2
31196,0.4
32038,0.0
6286,0.0
483,0.2
10959,0.0
19799,0.2
10145,0.4
6344,0.2
14027,0.2
18846,0.0
29059,0.0
30897,0.0
16705,0.0
22940,0.6
31276,0.2
2177,0.8
7962,0.4
10233,0.0
17040,0.0
27867,0.4
35104,0.0
33541,0.2
18332,0.6
13932,0.0
8371,0.0
23865,0.0
24436,0.2
15126,0.4
27264,0.6
14044,0.2
35722,0.0
14442,0.2
15748,0.0
33204,0.0
30997,0.6
11897,0.0
1602,0.4
4715,0.2
23168,0.0
34516,0.2
442,1.0
9366,0.0
456,0.4
29406,0.0
24843,0.2
15147,1.0
7571,0.4
16133,0.2
32227,0.4
177,0.2
9142,0.0
21823,0.2
23801,0.0
22729,0.2
32231,0.2
16384,0.0
15981,0.2
13768,0.4
13817,1.0
38736,0.6
3370,0.0
18314,0.0
5889,0.4
6218,0.0
6739,0.0
19270,0.4
4731,0.0
24388,0.0
24114,0.0
37825,0.2
26474,0.4
30587,0.2
8494,0.0
22421,0.2
35223,0.8
6055,0.8
11418,0.0
14357,0.6
31291,0.2
30917,0.6
33507,0.4
25570,0.0
35779,0.8
27776,1.0
22640,0.0
37654,0.2
6521,0.2
31126,0.0
27114,0.2
29331,0.8
36683,0.0
35125,0.2
3159,0.4
331,0.0
21050,0.2
20775,0.4
5346,0.2
39608,0.4
24273,0.2
31026,0.4
11290,0.2
12552,0.4
19858,0.0
25217,0.0
27817,0.4
10941,0.4
5318,0.2
1505,0.2
30259,0.2
40553,0.4
37940,0.0
9533,0.0
40465,0.0
40253,0.2
36368,0.0
16695,0.2
17761,0.4
25409,0.4
5805,0.8
658,0.4
6038,0.2
32764,0.0
40118,1.0
5333,0.2
25550,0.0
40925,0.0
23830,0.0
17608,0.0
36449,0.2
4793,0.0
1114,0.4
25227,0.4
7764,0.4
1501,0.0
26946,0.0
31725,0.0
21349,0.8
7303,0.0
26495,0.0
2234,0.2
3417,0.2
10190,0.0
7938,0.4
12261,0.2
36337,0.6
35072,0.0
9472,0.0
26506,0.2
21531,0.4
4073,1.0
18658,0.4
5578,0.4
635,0.0
20472,0.2
1439,0.0
4199,0.2
39333,0.2
16570,0.2
18989,0.4
27722,0.2
5567,0.2
37441,0.2
11482,0.0
27690,0.0
40157,0.2
4875,0.4
38790,0.4
35039,0.2
35261,0.4
32404,0.4
35946,0.0
35572,0.2
18019,0.0
32397,0.2
15008,0.0
27206,0.0
33276,0.2
14555,0.0
31395,0.0
4371,0.4
40970,0.2
8635,0.0
3565,0.4
23199,0.2
9218,0.2
1791,0.0
12948,0.0
6394,0.0
23272,0.8
39932,0.4
30163,0.0
34327,1.0
2147,0.2
33217,0.0
25042,0.0
40050,0.0
17920,0.8
18728,0.2
34158,0.0
7853,0.4
769,0.2
22523,0.4
36000,0.0
36293,0.4
28449,0.0
7028,0.4
38731,0.2
28683,0.2
40911,0.4
5493,0.4
3915,0.0
31545,1.0
29783,0.0
37698,0.0
25523,1.0
32435,0.2
24254,0.0
22239,0.2
35404,0.2
18564,0.4
40578,0.4
40104,0.2
25121,0.0
25828,0.2
14078,0.0
29989,0.4
40322,0.8
29301,0.4
7617,0.2
1344,0.2
21383,0.0
6740,0.4
12375,0.0
22298,0.0
27013,0.2
1397,0.0
29526,0.0
10323,0.2
27466,0.2
32267,0.4
25697,0.0
27993,0.4
10095,1.0
13554,0.2
10124,0.0
9085,0.0
10571,0.0
24339,0.0
34702,0.2
22653,1.0
11568,0.2
26682,0.0
23997,0.2
28465,0.8
16947,0.0
39508,0.4
24448,0.0
879,0.0
24932,0.2
33811,0.0
7249,0.0
28307,0.0
10819,0.0
12612,0.0
2861,0.0
35400,0.2
34514,0.4
16895,0.0
19236,0.4
6225,0.0
12503,0.0
40505,0.0
20220,0.0
2800,1.0
3316,0.8
651,1.0
6265,0.0
19238,0.2
11486,0.0
13712,0.2
30715,0.0
8240,0.4
2278,0.2
4066,0.0
30521,0.2
7176,0.0
6783,0.2
876,0.0
33781,0.6
4933,0.2
24469,0.0
32673,0.8
14082,0.0
612,0.2
14927,0.4
2308,0.4
7754,0.4
27766,0.0
31809,0.0
33709,0.0
37051,0.0
17203,0.6
23976,0.0
38876,0.2
37165,0.4
26669,0.0
1217,0.2
13118,0.0
17250,0.4
16035,0.0
16708,0.2
38314,0.4
3620,0.0
17298,0.2
13933,0.2
5647,0.0
20830,0.6
30654,0.2
5648,0.4
31847,0.4
31230,1.0
18320,0.0
33662,0.0
10050,0.4
14550,0.4
38998,0.0
8160,0.4
20445,0.0
37013,0.0
20063,0.2
27403,0.0
8537,0.0
17026,0.4
29214,0.6
32613,0.0
40864,0.0
16043,0.2
19865,0.0
2046,0.0
1584,0.4
5281,0.0
10221,0.2
7554,0.4
9536,0.0
35584,0.0
32550,0.0
103,0.0
10125,0.2
898,0.2
9788,0.4
14594,0.0
13646,0.0
37803,0.0
24539,0.4
26515,0.2
22462,0.2
26015,0.0
526,0.0
23143,0.6
3863,0.4
38531,0.6
10012,0.0
23247,0.4
15378,0.4
27886,1.0
32901,0.0
30609,0.4
7812,0.0
31229,0.0
41099,0.0
9797,0.0
27485,0.4
3325,0.0
5726,0.2
35383,0.0
36211,0.2
38646,0.4
23945,0.0
15158,0.2
24762,0.0
9312,0.2
36869,0.0
31083,0.0
15132,0.2
39717,0.4
7320,0.0
3876,0.6
30231,0.0
10811,0.2
7772,0.4
21578,0.0
30352,0.2
28285,0.0
6256,0.0
12379,0.0
18734,0.0
2210,0.0
13629,0.2
25058,0.2
27028,0.6
29612,0.4
11795,0.0
39565,0.0
7939,0.6
20078,0.2
6177,0.2
4262,0.4
11449,0.0
24295,0.8
2740,0.0
35461,0.0
8518,0.2
11053,0.0
19764,0.4
13840,0.0
40204,0.2
8679,0.2
22106,0.4
40355,0.2
20973,0.0
17147,0.4
10926,0.0
23449,0.0
23058,0.4
19044,0.8
2818,0.0
28294,0.2
14265,0.6
1566,0.2
10987,0.2
22057,0.2
15012,0.0
35299,0.4
40987,1.0
2409,0.0
20077,0.0
7842,0.4
24078,0.8
31428,0.2
30989,0.0
10320,0.0
11069,0.2
31038,0.2
29238,0.4
25043,0.2
10139,0.0
8293,0.0
37055,0.2
11566,1.0
24305,0.2
12666,0.8
32374,0.0
23146,0.2
19302,0.2
34497,0.4
2618,0.2
28864,0.4
29866,0.0
15739,0.2
9959,0.0
18078,0.2
15905,0.4
30748,0.0
15603,0.2
19213,0.2
12372,0.0
16709,0.0
1280,0.6
37185,0.0
2480,0.4
41089,0.2
1,0.0
24636,0.0
1167,0.0
20621,0.0
31031,0.0
6107,0.0
4646,0.2
29155,0.0
30892,0.0
9937,0.6
39639,0.2
25741,0.6
37124,0.0
35023,0.0
19029,0.0
19192,0.4
7086,0.2
15362,0.0
27717,0.2
38641,0.0
1655,0.0
9114,0.0
31082,0.6
34299,0.0
22284,0.2
16173,0.2
26771,0.0
39766,0.2
16927,0.0
30103,0.0
8693,0.0
29265,0.0
6982,0.4
37314,0.2
24234,0.0
33240,0.4
7443,0.2
7478,0.0
37415,0.2
7949,0.8
35142,0.4
14116,0.0
5068,0.0
17132,0.0
29298,0.6
5302,0.0
11142,0.0
3263,0.0
39156,0.0
30882,0.4
20459,0.2
19700,0.0
40354,0.0
25642,0.0
5448,0.0
38967,0.0
39912,0.0
38755,0.6
33089,0.2
12309,0.0
38262,1.0
9800,0.0
24989,0.0
19870,0.2
20405,0.0
34999,0.2
2415,0.0
15499,0.0
32974,0.4
39968,0.0
27438,0.0
10341,0.4
2726,0.6
40724,0.0
34817,0.0
23241,0.0
40001,0.4
33835,0.4
13894,0.8
37500,0.2
29012,0.0
24775,0.4
7919,0.6
21,0.2
19169,0.0
38530,0.6
24240,0.2
20582,0.2
490,0.2
20406,1.0
17747,0.0
38935,0.0
19847,0.2
14501,0.0
38980,0.0
7837,0.0
34402,0.2
33582,0.0
39133,0.0
18415,0.2
1536,0.2
33447,0.4
7905,0.4
37197,0.0
12509,0.2
32828,0.2
20527,0.0
25459,0.4
27559,0.2
31208,0.6
10349,0.0
1117,0.4
28056,0.0
14451,0.2
13872,0.2
11208,0.0
22545,0.6
16313,0.0
12561,1.0
40915,0.0
38117,0.2
37193,0.0
7096,0.8
13805,0.0
18984,0.0
8619,0.0
15637,0.2
30852,0.0
346,0.0
13556,0.4
1132,0.0
40028,0.4
33429,0.2
28776,0.0
6767,0.2
5822,0.2
8355,0.0
36079,0.2
14923,0.0
13076,0.0
17545,0.4
36804,0.2
17620,0.0
40030,0.0
7431,0.2
33362,0.4
8784,0.6
2918,0.2
9562,1.0
19683,0.2
37674,0.2
36723,0.4
6167,0.2
12537,0.0
2640,0.0
34114,1.0
17295,0.2
31577,0.0
1149,0.2
35688,0.0
29274,0.0
12648,0.2
9568,0.0
15070,0.0
15352,0.2
2377,0.6
28448,0.6
25201,0.0
39516,0.4
23336,0.0
11848,0.0
3553,0.0
6604,0.2
35743,0.0
31270,0.0
4093,0.4
34720,0.0
15757,0.0
21558,0.2
39722,0.2
10764,0.2
32140,0.4
5292,0.0
20857,0.0
28665,0.4
18153,0.0
28028,0.4
39697,0.0
37031,0.6
3933,0.2
37161,0.2
17646,0.8
35815,0.0
4906,1.0
21024,0.0
28536,0.0
2494,0.0
40336,0.2
28643,0.0
16675,0.2
34691,0.0
11325,0.2
33250,0.0
5715,0.4
32437,0.4
34401,0.2
3139,0.2
20693,0.0
18096,0.4
37122,0.2
23397,0.0
39800,0.4
494,0.0
33983,1.0
40933,0.0
40411,0.2
16291,0.0
16135,0.2
17337,0.0
30845,0.2
17126,0.2
32804,0.8
23821,0.4
32175,0.6
23234,0.0
23841,0.4
40068,0.0
3253,0.2
22227,0.0
35567,0.0
10805,0.0
31188,0.0
7537,0.0
4522,0.0
35276,0.0
30558,0.8
7701,0.0
37405,0.2
32699,0.0
15686,0.4
36276,0.0
17544,0.4
9920,0.4
7909,0.0
30926,0.2
33731,0.0
35265,1.0
6751,0.2
12256,0.0
37174,0.4
15288,0.6
434,0.0
23788,1.0
20690,0.0
5030,0.4
19403,0.0
35915,0.0
8198,0.0
8261,0.2
35201,0.2
21241,0.0
5463,0.0
37804,0.0
33516,0.2
16267,0.0
19502,0.2
16158,0.0
4777,0.2
4106,0.2
31310,0.0
36557,0.0
30613,0.2
17930,0.0
10755,0.4
8682,0.0
5981,0.2
32032,1.0
21369,0.4
18611,0.0
18431,0.0
28649,0.0
35066,0.0
1865,0.2
9816,0.0
12574,0.6
17953,0.0
39361,0.0
32220,0.2
4496,0.0
24068,0.0
4185,0.2
18456,1.0
22157,0.0
25204,0.0
6781,0.2
23888,0.0
9010,0.4
15493,0.2
17309,0.0
27891,0.4
33427,0.2
7803,0.0
26447,0.0
20468,0.4
38615,0.0
39867,0.4
5111,0.0
321,0.4
39997,0.0
31289,0.0
16726,0.6
1388,0.2
3409,0.4
15891,0.8
975,0.0
38673,0.2
13406,0.4
26031,0.4
16817,0.0
36565,0.4
32045,0.0
19265,0.2
33481,0.0
22199,0.0
11579,0.0
8690,0.2
37338,0.0
13401,0.4
10982,0.0
15202,0.0
23386,0.0
22358,0.0
38969,0.4
32855,0.0
2055,0.4
38219,0.0
32706,0.2
29871,0.2
1586,0.0
4563,0.0
21065,0.0
34615,0.0
39761,0.0
5716,0.0
8381,0.0
10150,0.2
18540,0.4
11065,0.0
12487,0.2
39894,0.2
32520,0.4
13743,0.0
14810,0.2
26897,0.6
25351,0.0
35633,0.2
5819,0.0
31045,0.0
11577,0.0
8283,0.0
27385,0.0
39872,0.0
36744,0.4
36274,0.0
3929,0.0
37962,0.6
8567,0.0
12786,0.2
2949,0.0
26137,1.0
6893,0.0
25833,0.2
32877,0.0
3031,0.0
36244,0.0
26825,0.4
41107,0.2
34420,0.2
30365,0.2
35406,0.0
27672,0.0
14828,0.0
12947,0.0
14877,0.4
31266,0.4
14225,0.4
5522,0.0
31179,0.2
26779,0.2
3614,0.0
18289,0.0
40522,0.0
22573,0.2
4463,0.0
36475,0.0
32689,0.6
10204,0.2
22011,0.0
15216,0.2
20208,0.4
24977,0.8
9783,0.0
32236,0.0
17218,0.0
12745,0.2
12623,0.4
37921,0.6
11161,0.0
24419,0.0
39125,0.8
135,0.4
1583,0.2
26251,0.0
180,0.0
35557,0.0
12000,0.4
18377,0.2
2663,0.2
7343,0.4
40245,0.0
1497,0.2
19943,0.0
19800,0.0
11920,0.0
7182,0.2
24520,0.2
34525,0.0
38356,0.2
37927,0.2
35812,1.0
11883,0.0
21372,0.2
32282,0.4
39115,0.6
24035,0.0
20610,0.0
23674,0.0
22903,0.0
10064,0.0
16830,0.2
3372,0.0
35940,0.2
13317,0.2
24065,0.0
2853,0.0
15979,0.0
32872,0.0
2240,0.8
2037,0.0
2062,0.2
24613,0.6
40449,0.0
39937,0.2
27747,0.0
28300,0.4
36350,0.0
16793,0.0
11201,0.2
39793,0.4
25812,0.2
37622,0.4
1539,0.4
37840,0.2
23072,0.0
30862,0.0
13124,1.0
2718,0.2
22824,0.2
36949,0.0
23535,0.0
28924,0.2
18735,0.0
34199,0.4
17096,0.0
18379,0.2
35563,0.2
6845,0.4
25706,0.0
7725,0.0
20432,0.0
14351,0.2
6155,0.0
65,0.4
39922,0.4
28226,0.0
6475,0.4
19848,0.4
40168,0.0
10499,0.6
23398,0.0
2801,0.2
32726,0.2
2529,0.2
21209,0.0
37739,0.4
957,0.0
25302,0.4
15235,0.2
35971,0.0
34113,0.2
30310,0.0
18354,0.0
16215,0.0
611,0.0
25546,0.0
14712,0.4
24492,0.0
10542,0.0
17387,0.0
27645,0.0
41051,0.2
39000,0.0
38357,0.8
24827,0.0
36094,0.4
5140,0.4
8734,0.4
11556,0.0
24144,0.0
4660,0.4
9923,0.0
21301,0.0
1069,0.4
35813,0.4
29825,0.4
22220,0.0
14201,0.0
16328,0.4
18164,0.0
18763,0.2
40409,0.0
3151,1.0
20711,0.0
20998,0.2
31005,0.0
5188,0.2
23160,0.0
11802,0.0
24090,0.0
11970,0.0
35266,0.2
26144,0.2
30015,0.0
13605,0.2
22291,0.2
40117,0.0
30358,1.0
24499,0.2
37054,0.0
5793,0.4
20330,0.0
40280,0.0
10791,0.0
2679,0.2
38838,0.0
40834,0.2
33219,0.4
31820,0.0
39627,0.4
9665,0.0
4104,0.0
19842,0.2
38193,0.0
387,0.2
39281,0.0
7275,0.2
10303,0.6
1659,0.2
33,0.8
22310,0.0
39087,0.4
39040,0.2
8695,0.0
21865,0.2
21022,0.2
20367,0.4
28353,0.2
9379,0.0
35494,0.0
16363,0.6
3262,0.2
7423,0.2
28846,0.0
1032,0.4
6838,0.0
26235,0.0
34198,0.2
38098,0.2
2009,0.2
25236,0.4
26210,0.2
31687,0.0
33247,0.0
30325,0.0
27830,0.2
37793,0.4
26465,0.0
30785,0.4
6283,1.0
7929,0.4
37980,0.2
35744,0.0
24221,0.4
28856,0.4
30355,0.0
35479,0.0
12457,0.2
21253,0.4
1552,0.4
20248,0.0
32415,0.0
33015,0.4
16609,0.4
25212,0.0
15467,0.2
13567,0.2
27142,0.6
9631,0.2
2589,0.0
9209,0.0
3913,0.0
18471,0.2
14597,0.0
40748,0.0
33388,0.4
2996,0.4
6016,0.4
29759,0.0
23263,0.2
29115,0.0
38858,0.2
11477,0.2
9494,0.6
12765,0.4
25917,0.0
9598,0.0
9822,0.2
4417,0.0
40202,0.0
24067,0.0
11622,0.2
19515,0.2
25164,0.2
37798,0.2
29489,0.0
37195,0.6
25285,0.0
29254,0.0
39366,0.0
5828,0.8
29625,0.2
41061,0.8
30908,0.2
636,0.0
27350,0.2
29622,0.2
9896,0.0
19545,0.2
12760,0.2
16238,0.0
3416,0.0
584,0.2
33488,0.2
22330,0.0
37,0.2
938,0.0
7023,0.0
4377,1.0
36606,0.2
20462,0.0
25073,0.2
12003,0.0
37026,0.2
6613,0.4
30524,0.4
4820,0.2
16418,1.0
31694,0.6
22938,0.2
5636,0.0
28106,0.0
26180,0.4
7496,0.2
34400,0.8
19194,0.4
8716,0.0
20273,0.2
33837,0.4
23547,0.2
3158,0.6
33987,0.0
27786,0.0
3897,0.0
15297,0.2
33009,0.0
939,0.0
36568,0.2
18865,0.4
10001,0.0
17094,0.0
37649,0.2
20854,0.2
15875,0.4
35582,0.0
10585,0.8
14835,0.0
22283,0.0
25092,0.0
23285,0.2
40755,0.2
25796,0.0
14058,0.2
6087,0.2
22920,0.0
22703,0.2
28217,0.0
2058,0.6
35483,0.2
5987,0.0
5207,0.4
35091,0.6
7655,0.2
3172,0.2
13075,0.2
26845,0.0
8513,0.0
2607,0.6
12197,0.2
18463,0.0
268,0.0
8223,0.4
2202,0.2
11811,0.0
18291,0.0
37928,0.2
20048,0.0
28698,0.0
24356,0.2
35407,0.2
23250,0.0
27145,0.6
27597,0.2
6224,0.2
36977,0.0
31034,0.2
34088,0.0
29784,0.2
31938,1.0
15184,0.4
26578,0.4
13266,1.0
22652,0.0
28928,0.2
10464,0.0
28313,0.2
40906,0.0
37678,0.6
33626,0.0
20895,0.0
32686,1.0
20618,0.8
20040,0.0
31261,0.0
13545,0.2
39928,0.4
5444,0.0
16321,1.0
39049,0.0
1122,0.4
28209,0.0
2769,0.0
11585,0.2
39254,0.6
35550,0.2
24306,0.0
6128,0.0
10018,0.4
13439,0.0
37545,0.0
6370,0.0
35957,0.8
29418,0.0
2802,0.4
17903,0.2
35752,0.2
2692,0.4
16716,0.2
29244,0.0
1109,0.0
12296,0.6
31791,0.0
5237,0.2
16204,0.2
3835,0.0
4198,0.0
35949,0.0
25272,0.0
40732,0.2
11238,0.0
5558,0.2
38781,0.0
32852,0.0
21776,0.2
3461,0.0
31752,0.2
1601,0.0
32719,0.0
7389,0.0
21760,0.0
41173,0.0
19246,0.8
26442,0.0
29562,0.2
29722,0.2
40097,0.2
17088,0.4
41133,0.0
6679,0.4
12089,0.0
18222,0.4
40760,0.2
35512,0.2
6727,1.0
29990,0.0
33461,0.0
6564,0.0
10407,0.6
16207,0.0
25977,0.0
13903,0.2
2590,0.0
10066,0.0
24693,0.2
6043,0.0
4532,0.0
5544,0.2
34683,0.0
23255,0.0
18527,0.0
30436,0.0
20234,0.0
1540,0.0
2852,0.0
22705,0.0
12681,0.2
38800,0.6
7796,0.0
15336,0.0
1625,0.0
31402,0.0
13555,0.2
21693,0.4
2571,0.0
34595,1.0
18944,0.0
18279,0.0
40187,0.8
22901,0.2
20430,0.0
30410,0.0
27522,0.0
35482,0.0
23484,0.6
14750,0.6
15920,0.6
11526,0.2
935,0.0
27731,0.0
19251,0.2
9388,0.0
23081,0.2
40927,0.0
11685,0.2
21794,0.2
10005,0.2
1786,0.0
27763,0.2
3636,0.0
20438,1.0
21398,0.2
11851,0.2
14792,0.0
21618,0.0
4804,0.4
6077,0.2
4304,0.4
9914,0.2
8583,0.0
15926,0.2
2806,0.0
31609,1.0
9862,0.0
7367,0.0
4282,0.0
38064,0.0
35629,0.0
8424,1.0
21248,0.4
33908,0.0
16332,0.0
28423,0.6
888,0.0
33938,0.0
20993,0.0
11646,0.0
29248,0.0
33056,0.2
31603,0.0
20617,0.0
36420,0.2
32553,0.0
2846,0.2
18252,0.2
19969,0.0
660,0.0
13123,0.0
34596,0.2
4140,0.2
10294,0.0
311,0.2
4649,0.2
23239,0.4
10953,0.2
37386,0.0
11677,0.4
32875,0.4
15804,0.2
35522,0.0
3119,0.2
8311,0.0
22991,0.0
33118,0.2
1556,0.2
25634,0.0
31896,0.2
23825,0.0
17216,0.2
36169,0.2
20336,0.2
39062,0.0
34904,0.4
21568,1.0
38066,1.0
17366,0.2
1836,0.6
29365,0.2
17453,0.0
8006,0.0
4362,0.6
4063,0.4
9318,0.0
36477,0.4
23695,0.0
13649,0.0
38309,0.6
17056,0.2
2774,0.0
38313,0.2
5595,0.4
24740,0.2
16594,0.4
8196,0.0
4238,0.6
26637,0.0
13767,0.4
23727,0.4
34076,0.2
16450,0.4
28430,0.0
37992,0.0
8892,0.0
40918,0.0
30199,0.0
29653,0.0
41175,0.2
19614,0.4
10201,0.2
12758,0.0
19146,0.2
5725,0.0
4243,0.0
38104,0.8
36944,0.4
21229,0.2
35857,0.2
9200,1.0
18472,0.0
19252,0.0
21357,0.0
25987,0.6
24837,0.0
21841,0.2
28811,0.4
25752,0.0
20968,0.0
16720,0.0
32751,0.0
12714,0.0
31855,0.0
29172,0.2
32653,0.2
26406,0.2
21297,0.0
41144,0.0
7685,0.2
6215,0.2
33810,0.0
16057,0.4
9623,0.2
560,0.0
24715,0.0
18943,0.0
15666,0.0
9885,0.4
24776,0.0
10040,0.0
17659,0.0
2429,0.2
38566,0.2
25154,0.6
30470,0.0
30944,1.0
15072,0.2
13667,0.4
25173,0.0
12604,0.0
40840,0.2
15752,0.4
11816,0.0
20386,0.0
12638,0.4
20820,0.2
11202,0.2
1470,0.0
4628,0.4
15206,0.0
37464,0.0
6949,0.0
35178,0.0
18619,0.0
2036,0.2
38769,0.0
33631,0.4
11089,0.2
1036,0.0
32036,0.2
3319,1.0
33142,0.2
14358,0.0
997,0.2
34487,0.6
31645,0.4
25673,0.4
21510,0.2
36531,0.0
7232,0.2
31523,0.2
28154,0.0
17901,0.2
32665,0.8
40945,0.2
28774,0.4
35158,0.0
32519,0.0
25189,0.2
6575,0.0
23354,0.4
13636,0.0
20752,0.0
23942,0.0
40357,0.2
26192,0.0
39426,0.0
22062,0.0
38013,0.0
604,0.2
4397,0.2
37689,0.4
5670,0.2
8490,0.0
14939,0.0
12327,0.2
40885,0.0
32990,0.2
18464,0.0
23796,0.2
8368,1.0
11880,0.0
28002,0.0
1013,0.2
34644,0.0
33594,0.4
26372,0.2
28760,0.2
1030,0.0
10798,0.0
23936,0.2
26712,0.2
24961,0.0
14319,0.2
667,0.0
6530,0.4
23990,0.0
40463,0.4
23963,0.0
20701,0.0
22035,0.2
1178,0.2
19564,0.2
16807,0.2
4046,0.4
39101,1.0
37560,0.0
36993,0.4
27922,0.4
36311,0.2
4220,0.4
32234,0.2
26932,0.0
9,0.4
22678,0.2
32720,0.2
14159,0.0
6810,0.4
22650,0.2
40948,0.0
34225,0.0
22706,0.2
5350,0.0
11188,0.0
37396,0.0
3891,0.4
15685,0.0
30203,0.0
34633,0.0
1284,0.0
26572,0.2
15497,0.6
7688,0.6
14985,0.8
20965,0.0
39601,0.0
9600,0.0
8222,0.2
31793,1.0
394,0.0
28780,0.0
20259,0.0
23211,0.2
21638,0.2
40556,0.0
31719,0.4
13302,0.2
19982,0.0
39097,0.2
20881,0.0
38545,0.0
4719,0.2
18035,0.2
33023,0.2
226,1.0
10777,0.0
323,0.6
30669,0.2
13778,0.0
12210,0.4
32225,0.2
38635,0.0
15778,0.4
12667,0.2
34621,0.0
1853,0.0
30250,0.4
14123,0.4
3528,0.8
40827,0.2
13666,0.8
26871,0.2
30708,0.4
24849,0.0
39799,0.0
9079,0.0
22373,0.4
2820,0.4
1455,0.0
34623,0.8
39541,0.2
10309,0.0
17918,0.4
5149,0.4
33137,0.4
28341,0.0
38172,0.2
28388,0.4
41034,0.2
21765,0.2
6432,0.0
35868,0.0
13681,0.2
27088,0.0
9966,0.8
17133,0.0
32279,0.8
36619,0.4
23981,0.0
16922,0.0
5107,0.4
228,0.0
31740,0.6
24959,0.0
36669,0.0
9742,0.0
18914,0.0
10230,0.0
32912,0.0
3882,0.0
15333,0.2
16077,0.8
1694,0.6
290,0.0
1503,0.0
17470,0.0
12742,0.2
2146,0.0
8420,0.6
30027,0.0
15433,0.2
16539,0.8
13236,0.0
37287,0.4
23021,0.4
1329,0.2
21781,0.2
28779,0.0
22702,0.4
24225,0.0
9944,0.8
40776,0.4
25255,0.0
19055,0.2
35171,0.2
40842,0.6
27399,0.4
16519,0.0
335,0.0
40476,0.2
22395,0.0
41097,0.2
1518,0.0
14718,0.0
11872,0.4
27639,0.0
17706,0.2
8508,0.2
2711,0.4
20812,0.2
10457,0.4
28236,0.0
29028,0.2
13477,0.2
10871,0.0
37443,0.4
34386,0.8
9228,0.2
14782,0.2
18216,0.0
35331,0.2
3759,0.2
23206,0.0
9634,0.8
3594,0.2
17775,0.4
4296,0.2
11869,0.2
35714,0.2
14375,0.0
8607,0.4
29601,0.0
8610,0.8
31387,0.4
25532,0.2
36896,0.0
26246,0.0
14344,0.4
12622,0.0
36950,0.0
40946,0.2
18593,0.2
40723,0.2
11369,0.0
465,0.2
5811,0.4
34841,0.0
35506,0.2
32752,0.0
1735,0.2
10707,0.0
826,0.6
32264,0.0
21018,0.2
7611,0.4
25478,0.0
24261,0.4
4505,0.6
11376,0.4
33229,0.2
19269,0.0
27448,0.2
8081,0.0
19645,0.0
5074,0.0
6273,0.0
3704,0.6
13360,0.0
4035,0.0
26839,0.4
14250,0.6
1999,0.4
17099,0.0
1640,0.0
27749,0.0
40182,0.4
37597,0.2
4108,0.0
26554,0.2
5185,0.6
6797,0.2
18838,0.0
3292,0.0
28959,0.0
28245,0.0
30921,0.2
5023,0.2
39529,0.0
41031,0.4
12842,0.0
10008,0.2
12611,0.0
23771,0.2
9553,0.0
33125,0.0
40749,0.0
16783,0.2
9941,0.4
34842,0.0
39138,0.4
31561,0.0
8554,0.4
10034,1.0
39387,1.0
13747,0.2
21407,0.4
17073,0.2
3381,0.0
22365,0.8
15818,0.0
13645,0.2
9664,0.0
8,0.0
14562,0.4
1454,0.0
11763,0.0
30076,0.2
9658,0.8
20910,0.0
30780,0.2
3609,0.0
23991,0.0
2029,0.2
12424,0.0
17485,0.6
23598,0.4
3593,0.0
33790,0.0
1642,0.6
20946,0.2
11442,0.0
11555,0.0
11605,0.0
2570,0.0
19151,0.2
11761,0.2
23765,0.6
5815,0.0
35528,0.0
10406,0.0
19805,1.0
5946,0.0
23135,0.2
39100,0.8
15307,0.2
11195,0.2
15502,0.0
3769,0.0
182,0.0
6925,0.0
31997,0.6
17343,0.6
36989,0.2
22643,0.4
28962,0.2
18457,0.0
16573,0.0
22725,0.0
9203,0.8
21373,0.0
5288,0.2
15368,0.0
12923,0.0
31732,0.0
29181,0.0
1580,1.0
30225,0.2
12668,0.0
40607,0.2
14412,0.0
10441,0.0
20304,0.2
23955,0.2
3971,0.0
16463,0.4
19558,0.0
37922,0.2
7064,0.2
38444,0.2
2093,0.2
16148,0.4
1406,0.4
39629,0.4
15902,0.2
20107,0.0
38192,0.0
5515,0.2
32859,0.2
22084,0.0
25067,0.4
39987,0.2
36604,0.0
12831,0.8
18494,0.6
7889,0.0
26538,0.0
5290,0.0
11874,1.0
27540,0.4
1103,0.8
8419,0.2
5564,0.0
9715,1.0
22145,0.0
29753,0.4
19317,0.2
35244,0.2
28365,0.0
1689,0.0
6492,0.0
33696,0.2
15955,0.0
17961,0.8
7325,0.4
40904,0.0
31397,0.2
11524,0.0
8089,0.8
28155,0.0
16849,0.0
33690,0.0
946,0.0
20787,0.0
23438,0.0
28041,1.0
277,0.0
30941,0.0
34808,0.4
15549,0.0
993,0.0
11055,0.8
14148,0.2
20744,0.2
33518,0.2
39509,0.0
28455,0.0
1560,0.4
36946,0.0
22285,0.0
5569,0.0
27994,0.2
19313,0.4
35490,0.0
19124,0.0
20503,0.4
264,0.0
31274,0.2
40333,0.0
32732,0.0
12953,1.0
13812,0.4
24919,0.2
19682,0.2
3988,0.6
3379,0.0
23279,0.0
589,0.0
11638,0.0
40838,0.0
17086,0.2
31864,0.0
25743,0.2
31338,0.2
414,0.4
21524,0.2
6513,0.4
23779,0.0
36796,0.2
18831,0.4
14475,0.0
36571,0.0
34213,0.0
9207,0.0
18514,0.4
32729,0.0
18570,0.2
32903,0.0
1469,0.0
9479,0.2
27030,0.0
10859,0.0
27899,0.8
26160,0.2
40934,0.2
3218,0.8
8871,0.0
11719,0.2
10206,0.2
13025,0.2
31556,0.4
17106,0.2
32722,0.4
12513,0.2
23343,0.0
14991,0.0
16454,0.4
36855,0.0
16811,0.0
35755,0.0
34723,0.2
12386,0.2
12014,0.2
15373,0.0
25079,0.2
41141,0.4
29123,0.0
21710,0.0
3451,0.0
25854,0.0
2053,0.0
25233,0.0
11391,0.2
33933,0.2
30502,0.0
31879,0.4
11598,0.2
21111,0.0
17304,0.2
33621,0.0
22699,0.0
1019,0.4
31427,0.8
39470,0.2
5265,0.2
20538,0.0
2636,0.2
7195,0.8
7324,0.2
521,0.0
424,0.0
29858,0.2
32995,0.2
21460,1.0
21844,0.0
5512,0.2
28946,0.0
40533,0.0
11162,0.0
29386,0.2
36881,0.2
20731,0.2
3697,0.0
7141,0.0
19714,0.0
25127,0.2
14872,0.0
12699,0.8
8814,0.0
2554,0.4
7940,0.0
35380,0.0
22134,0.0
21124,0.0
14331,0.4
11810,0.0
25274,0.0
7818,0.0
11034,0.2
9548,0.4
20493,0.0
40831,0.6
14962,0.0
23054,0.0
22233,0.0
40135,0.2
24102,0.6
11297,0.6
21728,0.6
34100,0.8
32499,0.2
28631,0.0
27732,0.2
15995,0.0
23344,0.4
41153,0.0
7169,0.0
24662,1.0
35887,0.0
11227,0.4
13656,0.4
25358,0.0
22469,0.4
30838,0.0
40707,0.4
33629,0.4
33331,0.0
22544,0.6
2237,0.4
18317,0.2
20774,0.0
11280,0.0
19189,0.0
3950,0.0
6392,0.2
24807,0.0
7760,0.0
18092,0.4
10636,0.8
23538,0.4
31661,0.0
26666,0.2
18352,0.2
3408,0.4
36520,1.0
8413,0.0
2758,0.0
25994,0.0
17799,0.0
33706,0.2
28195,0.0
2165,0.0
16732,0.6
15961,0.0
25163,0.6
9017,0.0
39229,0.4
7928,1.0
15769,0.0
1623,0.2
35305,0.2
13041,0.0
1517,0.0
14304,0.2
20110,0.0
33462,0.6
30918,0.4
15556,0.2
21763,0.6
17929,0.2
29841,0.0
30559,0.4
19114,0.0
4907,0.0
9736,0.0
29565,1.0
23937,0.2
35224,0.0
21910,0.0
12855,0.2
12515,0.2
17276,0.0
25200,0.0
4252,0.2
6907,0.2
31981,0.0
39934,0.8
15881,0.0
15621,0.6
38906,0.0
26831,0.0
682,0.2
9043,0.2
3398,0.4
28466,0.2
2500,0.0
5547,0.2
14083,0.2
38490,0.0
33575,0.0
16955,0.0
23550,0.4
33214,0.2
3592,0.4
20844,0.0
9836,0.0
20455,0.0
31762,0.0
32779,0.0
29362,0.2
7305,0.2
36843,0.0
983,0.2
12564,0.0
39512,0.4
16001,0.0
3336,0.0
30198,0.4
13437,0.4
10631,0.0
36294,0.0
19253,0.4
3024,0.2
17145,0.0
193,0.0
14898,0.0
18834,0.4
30359,0.2
7766,0.2
1832,0.4
31374,0.4
7514,0.4
21167,0.2
7273,0.0
28308,0.2
764,0.0
30968,0.6
24688,0.0
23785,0.0
41039,0.0
33839,0.0
38129,0.2
35078,0.8
20270,0.2
26493,0.0
10104,0.0
9420,0.0
24579,0.2
26552,0.0
15799,0.2
39732,0.0
7331,0.2
13210,0.0
19897,0.0
15469,0.4
35919,0.4
6709,0.0
21025,0.0
19723,0.2
22420,0.0
7403,0.0
588,0.2
18917,0.0
31748,0.6
30787,0.0
22885,0.2
36545,0.2
4986,0.2
14453,0.2
19796,0.2
33555,0.0
35316,0.0
31898,0.2
1784,0.6
35175,0.6
23491,0.0
12885,0.0
38209,0.6
29535,0.0
36556,0.0
24767,0.0
5005,0.2
20066,0.0
1157,0.0
13578,1.0
37731,1.0
25268,0.4
39292,0.0
30081,0.0
10074,0.2
17640,0.2
5484,0.4
14503,0.0
7767,0.2
35536,0.0
36964,1.0
36884,0.6
9002,0.0
40036,0.0
15719,0.0
37244,0.2
10622,0.0
14570,0.0
304,0.0
13751,0.4
10568,0.8
26573,0.2
32448,0.2
28882,0.6
29833,0.0
11315,0.0
1513,0.0
38586,0.2
17884,0.6
35926,0.2
9333,0.0
31792,0.2
29967,0.8
1357,0.0
8202,0.0
20287,0.0
25055,0.4
3320,0.0
32092,0.2
27504,0.0
7148,0.2
26592,0.2
18589,0.2
11292,0.0
25363,0.0
25679,0.2
16127,0.2
24945,0.4
25815,0.0
31741,0.0
22121,0.0
22173,0.0
11971,0.6
34220,0.2
30128,0.2
31439,0.2
13750,0.2
14894,0.0
22762,0.0
4774,0.8
21392,0.4
38860,0.4
36865,0.2
35980,0.2
21056,0.2
22092,0.8
40032,0.2
9592,1.0
21414,0.0
2743,0.0
25049,0.2
30580,0.0
23583,0.0
28639,0.4
38609,0.0
2600,0.0
12367,0.0
34069,0.0
23085,0.0
35530,0.4
13826,0.6
5199,0.2
15160,0.0
11198,0.0
34658,0.0
20,0.2
12317,0.4
10553,0.0
8900,0.2
36722,0.0
10299,0.0
32384,0.2
3560,0.0
1077,1.0
40659,0.2
2074,0.0
19039,0.4
21396,0.0
33817,0.0
26738,0.0
27971,0.6
10379,0.0
14762,0.0
3735,0.0
17429,0.0
14902,1.0
33337,0.0
4363,0.0
25738,0.4
12396,0.2
6756,0.6
31524,0.0
36612,0.2
34950,0.2
23253,0.8
15372,0.8
18654,0.0
38030,0.4
1378,0.4
6086,0.0
12389,0.0
31202,0.4
16610,0.0
12384,0.0
3534,0.0
22424,0.0
10866,0.0
33116,0.0
17172,0.0
2840,0.2
17334,0.8
13997,0.0
11062,0.0
8740,0.0
27550,0.0
18637,0.4
25096,0.0
25246,0.0
38945,0.2
29572,0.0
14650,1.0
23023,0.2
35742,0.0
23486,0.0
14599,0.0
22564,0.0
2446,0.0
31685,0.4
2619,0.0
27325,0.0
29309,0.0
35193,0.8
37079,0.6
32969,0.4
6938,1.0
27526,0.2
38285,0.2
20768,0.2
21988,0.4
7560,0.2
40403,0.2
31989,0.0
29323,0.0
22667,0.0
28057,0.0
6814,0.4
22438,0.6
3450,0.4
31909,0.0
655,0.2
19110,1.0
10262,0.8
28431,0.2
5180,0.4
33028,0.0
6543,0.0
15084,0.0
22083,0.6
27038,0.4
3504,0.4
8459,0.0
34812,0.0
140,0.0
16044,0.0
34175,0.2
247,0.0
5620,0.0
7291,0.2
27521,0.0
20108,0.4
7567,0.0
24026,0.2
34363,0.0
33650,0.2
35340,0.4
29950,0.2
15923,0.0
8799,0.2
11747,0.2
16176,0.2
9876,0.0
4964,0.4
10465,0.4
34403,0.0
21928,0.0
18122,0.0
37364,0.2
8642,0.0
11741,0.0
985,0.2
40489,0.0
29270,0.0
23080,0.4
10300,0.0
34597,0.0
29170,0.0
33577,0.0
18685,0.0
29015,0.2
24554,0.0
13669,0.2
29758,0.2
26991,0.2
14912,0.0
39869,0.2
4639,0.6
17234,0.2
13458,0.4
17444,0.0
362,0.2
15334,0.2
37070,0.2
31379,0.2
4766,0.0
17287,0.2
36429,0.6
11925,0.2
34871,1.0
9357,0.2
20796,0.0
4762,0.0
7952,0.4
12919,0.0
39381,0.2
11826,0.0
29651,0.6
7165,0.0
9875,0.2
3377,0.2
24726,0.0
17372,1.0
9608,0.2
13988,0.0
2459,0.0
27871,0.4
7193,0.2
5767,0.2
11951,0.2
28303,0.0
26803,1.0
19853,0.0
610,0.2
28541,0.2
21579,0.0
28510,0.0
7416,0.4
26821,0.4
40633,0.0
37221,0.0
5998,0.0
37433,0.2
33358,0.0
18198,0.8
27491,0.0
2559,0.0
13870,0.4
30796,0.0
18247,0.4
9387,0.4
16411,0.0
29663,0.2
25647,0.0
26356,0.0
39965,0.4
4805,0.0
16586,0.0
17936,0.0
12894,0.4
35736,0.0
36232,0.0
1214,0.4
20453,0.8
26764,0.6
38139,0.0
34610,0.2
38644,0.0
23968,0.2
32103,0.4
7639,0.0
15747,0.0
26079,0.0
32232,0.0
32551,0.0
39915,0.2
34647,0.0
17345,0.4
31875,0.0
21868,0.2
10165,0.0
28520,0.0
29355,0.4
35854,0.0
17205,0.0
16370,0.2
34968,0.4
9574,0.0
12669,0.0
1277,0.0
16198,0.0
10107,0.4
12884,0.4
13132,0.0
16364,0.0
35149,0.4
38837,0.4
3941,0.0
26840,0.0
20068,0.0
11488,0.2
1889,0.0
28505,0.8
4825,0.2
21247,0.4
17790,0.4
34304,0.0
23003,0.2
12325,0.2
33726,0.2
11184,0.4
3041,0.0
32514,0.2
12880,0.0
11540,0.2
30923,0.6
30080,0.8
23500,0.2
13285,0.0
30540,1.0
12484,1.0
29318,0.2
24210,0.4
38194,0.0
23601,0.0
38270,0.6
13687,0.2
33379,0.2
31964,0.0
11863,0.0
37624,0.2
5971,0.0
6062,0.0
13514,0.2
8765,0.2
3927,0.2
23952,0.0
31501,0.0
7050,0.0
23445,0.2
32257,0.4
29660,0.0
29173,0.2
19939,0.8
22500,0.0
31484,0.0
28269,0.2
9925,0.0
31958,0.4
33780,0.2
29352,0.0
22813,0.0
38404,1.0
27315,0.6
33057,0.0
15831,0.0
27958,0.0
17684,0.6
23127,0.0
16453,0.4
28452,0.0
26084,0.2
28051,0.0
35830,0.0
5962,0.2
19936,0.8
21158,0.0
619,0.0
14004,0.2
16725,0.0
7414,1.0
27568,0.2
33745,0.2
15165,0.2
27413,0.8
13553,0.0
6190,0.0
24079,0.0
31669,0.0
34128,0.2
21598,0.0
23619,0.4
12872,0.0
31769,0.4
24304,0.2
35241,0.6
15725,0.4
29920,0.6
29416,0.2
21797,0.0
31273,0.2
15707,0.2
11993,0.0
2631,0.2
23193,0.0
27217,0.2
4926,0.0
622,0.2
33851,0.0
12224,0.0
5160,0.0
38386,0.6
22425,0.2
8206,0.0
12937,0.4
2868,0.4
13156,0.0
37835,1.0
38812,0.4
2416,0.0
37033,0.0
950,0.0
1430,0.2
40266,0.2
37865,0.2
38431,0.0
18480,0.0
9358,0.2
31018,0.2
35001,0.0
34704,0.4
28442,0.0
4924,0.0
9436,0.0
12271,0.2
13457,0.6
38007,0.0
21801,0.4
9309,0.0
13278,0.2
11371,0.0
18840,0.0
39061,0.0
19575,0.2
30733,0.0
24326,0.0
33017,0.0
16665,0.2
27716,0.4
15087,0.2
37429,0.0
13628,1.0
21744,0.2
34440,0.4
21150,0.0
23754,0.2
36668,0.0
5896,0.0
21191,0.2
18567,0.2
22174,0.4
33590,0.4
8862,0.6
10719,0.4
26487,0.6
20233,0.2
2922,0.0
21258,0.2
13702,0.2
30412,0.0
1010,0.0
18221,0.2
41042,0.4
34580,0.2
28741,0.0
16702,0.0
37016,1.0
17003,0.2
5415,0.0
26482,0.2
34705,0.2
32842,0.0
2167,0.0
36141,0.0
10690,0.0
3312,0.2
34943,0.4
40483,0.8
26078,0.0
6622,0.0
10115,0.2
3930,0.0
4543,0.6
37498,0.0
34774,0.0
35984,0.2
37723,0.0
24913,0.2
30028,0.2
5393,0.4
19336,0.0
6458,0.4
27754,0.0
20532,0.4
24204,0.4
40308,0.0
17524,0.0
18339,0.0
26828,0.4
38825,0.0
39160,0.2
27116,0.0
31144,0.2
28319,0.0
32718,0.0
20410,0.0
7594,0.0
29504,0.0
5058,0.0
15589,0.4
34293,0.2
33019,0.0
29105,0.2
21341,0.2
21698,0.4
24844,0.0
9844,0.2
13164,0.0
36991,0.0
25740,0.2
2553,0.0
20565,0.2
30670,0.0
18960,0.0
248,0.0
32419,0.6
36994,0.2
33663,0.4
34111,0.2
26347,0.2
14313,0.6
13661,0.2
8305,0.2
26971,0.0
4102,0.6
24621,0.0
12992,0.0
40952,0.0
23857,0.6
29375,0.0
5625,0.0
17834,0.0
6522,0.0
7497,0.2
12601,0.2
34143,0.4
25168,0.4
8333,0.2
38249,0.4
13996,0.0
11537,0.2
624,0.0
36016,0.0
12230,0.2
37691,0.0
9527,0.4
24372,1.0
9777,0.2
25586,0.0
15245,0.2
14812,0.0
24797,0.0
30106,0.4
23970,1.0
26054,0.0
16501,0.0
13691,0.0
23129,0.0
12520,1.0
35841,0.0
2620,0.0
21347,0.8
11812,0.0
6150,0.4
11535,0.8
41083,0.2
4787,0.2
20789,0.0
462,0.8
12185,0.4
35198,0.2
32107,0.0
10621,0.2
9743,0.0
10327,0.2
40619,0.4
36359,0.0
548,0.0
18270,0.0
37332,0.0
7593,0.0
37656,0.4
27147,0.0
34883,0.0
9543,0.2
24888,0.4
4383,0.0
41059,0.2
32086,0.0
31346,0.4
7483,0.0
40047,0.2
5917,0.0
25169,0.0
10159,0.4
35972,0.2
39294,0.8
2753,0.0
15672,0.0
15412,0.2
13780,0.0
12566,0.2
11593,0.2
5177,0.2
26927,0.0
36635,0.0
34711,0.2
10046,0.6
23494,0.0
1912,0.2
39217,0.0
20416,0.4
111,0.0
10743,1.0
39286,0.0
5470,0.0
32212,0.2
36773,0.4
29094,0.8
10917,0.0
27387,0.2
12935,0.2
6536,0.4
35667,0.0
15822,0.0
14634,0.2
10455,0.2
34085,0.0
21772,0.6
37078,0.0
26731,0.4
20602,0.2
5335,0.2
524,0.0
13863,0.0
14498,0.2
35267,0.0
29522,0.4
40218,0.0
12899,1.0
26553,0.4
36905,0.0
6887,0.0
25254,0.0
35007,0.0
6467,0.2
38704,0.2
39450,0.0
19048,0.2
24495,0.0
19887,0.0
11854,0.2
22830,0.0
4315,1.0
29792,0.6
25983,0.0
2059,0.2
22639,0.0
30734,0.0
23909,0.2
3361,0.4
31499,0.4
39619,0.2
7027,0.0
7360,0.2
1413,0.0
37188,0.0
16302,0.0
1811,0.2
38658,0.0
21312,0.6
18072,0.8
13423,0.4
31352,0.2
4733,0.2
8272,0.4
12987,0.4
10696,0.0
13821,0.2
7375,0.0
23553,0.4
22945,0.2
2064,0.2
6291,0.4
10548,0.0
39207,0.2
5873,0.2
23355,1.0
32308,0.2
31650,0.4
20322,0.0
33643,0.2
11631,0.0
16421,1.0
5033,0.0
13759,0.0
11022,1.0
21571,0.0
37593,0.2
29046,1.0
10173,1.0
13382,1.0
5098,0.0
13336,0.0
29426,0.6
30522,0.0
60,0.2
5021,0.0
19894,0.0
8154,0.4
9459,0.2
36797,0.0
23542,0.2
822,0.0
4092,0.0
8507,0.0
9826,0.2
15821,0.6
15311,0.2
8400,0.2
9492,0.6
11,0.0
6121,0.0
30702,0.0
20749,0.0
36192,0.2
28244,0.0
40880,0.0
24057,0.4
29423,0.2
1271,0.2
23557,0.0
12304,0.0
5067,0.0
13020,1.0
21469,0.4
5447,0.2
33752,0.2
16020,0.0
20463,0.6
28732,0.0
13659,0.2
18804,0.2
15204,0.4
13408,0.2
6281,0.2
22013,0.0
10293,0.2
26540,0.6
25084,0.0
14904,0.0
32001,0.2
10193,0.0
11224,0.6
3144,0.0
34469,0.4
34582,0.0
2696,0.6
10070,0.2
39323,0.0
26676,0.0
20221,0.4
56,0.0
31091,0.0
1508,0.4
28339,0.4
36542,0.4
25536,0.0
41088,0.4
15313,0.4
8681,0.6
5957,0.2
7942,0.4
13634,0.2
38451,0.2
37936,0.4
33342,0.8
5003,0.0
4021,0.4
25360,0.4
31441,0.2
36621,0.2
11930,0.0
16507,0.2
24052,0.2
39571,0.2
33530,0.2
3380,0.2
21956,0.0
1862,0.2
31419,0.0
8080,0.0
8393,0.6
9704,0.6
25447,0.2
37304,0.0
28235,0.4
8529,0.0
9677,0.2
5976,0.0
26468,0.2
18701,0.0
40818,0.4
5714,0.2
27646,0.4
33046,0.0
12532,0.2
40241,0.2
15048,0.2
8121,0.0
1043,0.4
24593,0.4
22066,0.2
3340,0.2
8751,0.0
40200,0.0
12087,1.0
18064,0.2
17519,0.8
8571,1.0
25384,0.0
2254,0.0
29068,1.0
32805,0.2
38859,0.2
1345,0.2
19669,0.2
11272,0.0
8721,0.0
23048,0.0
3679,0.2
32657,0.0
33648,0.4
15237,0.0
21838,0.0
36269,0.0
9238,0.2
29277,0.2
27881,0.2
40534,0.4
36144,0.8
4597,0.8
7507,0.2
17781,0.0
27616,0.2
29911,0.0
37481,0.0
19021,0.0
13348,0.2
38567,0.0
40457,0.4
4169,0.0
32943,0.4
19792,0.4
28104,0.4
12692,0.2
36747,0.4
25090,0.4
3378,0.0
31670,0.0
25040,0.2
16544,0.0
39032,0.0
24815,0.2
25457,0.2
26616,0.0
89,0.2
27099,0.0
8054,0.0
20353,0.8
35420,0.4
1179,0.2
23986,1.0
18115,0.0
18385,0.6
10742,0.2
25577,0.2
18651,0.0
34511,0.2
19346,0.6
12848,0.0
31373,1.0
8211,0.0
6741,0.2
25081,0.0
31354,0.2
16597,0.2
19271,0.2
35026,0.2
34002,0.2
32899,0.4
20348,0.0
26149,0.0
32176,0.0
19239,0.4
17302,0.0
5170,0.0
17260,0.2
15931,0.6
8597,0.2
29371,0.2
29640,0.2
15444,0.0
9534,0.0
32966,0.6
21980,0.4
71,0.2
5573,0.8
18802,0.2
31063,0.2
36681,0.0
13024,0.6
3662,0.0
20409,0.0
34657,0.2
9767,0.4
34180,0.2
24368,0.2
12202,0.2
12339,0.2
17894,0.0
7315,0.0
2703,0.4
15976,0.2
12141,0.0
34108,0.4
3995,0.4
22263,0.0
14535,0.2
11104,0.2
40815,0.0
39036,0.4
4707,0.0
37781,0.4
24804,0.0
19528,0.2
26982,0.4
11749,0.2
9995,0.0
32252,0.0
35784,0.4
5391,0.0
12514,0.2
19348,0.0
25589,0.0
17693,0.0
22839,0.0
2266,0.0
4001,0.2
27131,0.0
8696,0.6
20374,0.4
8572,0.0
27793,0.4
21515,0.0
14867,0.2
5682,0.2
2407,0.0
18703,0.6
20345,0.0
9094,0.2
36725,0.0
3968,0.8
11850,0.0
33724,0.4
21914,0.0
20720,1.0
10177,0.2
7541,0.0
17910,0.0
20760,0.4
8733,0.2
38071,0.6
15380,0.2
4194,0.4
1924,0.2
38077,0.0
16576,0.0
18927,0.0
9415,0.0
37752,0.6
34921,0.2
35828,0.0
40224,0.4
22518,0.2
6873,0.0
6695,0.0
3210,0.0
33866,0.4
20989,0.0
28540,0.0
21088,0.8
8111,0.2
28399,0.2
29011,0.4
25942,0.2
15061,0.0
23879,0.0
12861,0.4
4003,0.2
20803,1.0
18648,0.0
40542,0.6
9894,0.0
20454,0.2
31251,0.2
33343,0.2
38813,0.8
20017,0.0
40788,0.0
10947,0.0
6855,0.0
5771,0.2
38015,0.0
33441,0.2
36454,0.0
40677,0.2
23418,0.0
22375,0.4
19215,0.0
27434,0.0
3147,0.0
2695,0.0
36511,0.0
20267,0.4
13528,0.0
32127,1.0
36059,0.0
1065,0.2
40265,0.8
19372,0.8
30717,0.0
21281,0.0
1671,0.0
34637,0.2
27964,0.0
32124,0.0
26267,0.0
12974,0.4
11145,0.0
26496,1.0
36218,0.0
33615,0.2
25402,0.2
10209,0.0
12567,0.6
5833,0.2
18093,0.0
22548,0.2
40075,0.0
38727,0.0
16578,0.0
16859,0.2
40624,0.0
18058,0.2
38027,0.6
4498,0.2
14713,0.4
3781,0.0
31295,0.2
130,0.4
2941,0.2
1585,0.0
33073,0.4
40484,0.2
27230,0.4
36343,0.2
8229,0.4
15688,0.2
37404,0.2
4255,0.2
29030,0.4
20293,0.4
6812,0.0
2829,0.6
40771,1.0
3832,0.0
13829,1.0
28883,0.0
24186,0.0
16840,0.2
33867,0.0
4984,0.0
9210,0.0
3635,0.2
13847,0.2
21720,0.4
40916,0.0
36498,0.2
26729,0.2
1624,1.0
12925,0.0
7863,0.4
39759,0.2
26022,0.2
40926,0.6
5587,0.4
21316,0.6
27729,0.0
18113,0.0
24408,0.2
11959,0.0
17697,0.4
10983,0.0
32770,0.0
18361,0.2
21520,0.4
21342,0.0
29908,0.0
32216,0.8
32554,0.0
40772,0.4
33456,0.2
23097,0.2
18695,0.2
26627,0.2
30907,0.2
14229,0.0
32052,0.2
8910,0.0
30233,0.4
3085,0.0
38871,0.0
9044,0.0
8728,0.0
28021,0.2
29021,0.0
2841,0.0
38525,0.0
35569,0.2
29510,0.0
15277,0.2
14592,0.4
15095,0.2
5953,0.2
23973,0.4
9077,0.4
10769,1.0
6454,0.2
30016,0.2
18992,0.8
38569,0.0
13341,0.4
27933,1.0
27553,0.2
4391,0.0
21551,0.4
10519,0.0
17256,0.0
36423,0.0
3599,0.0
31873,0.4
31287,0.0
23148,0.0
8790,0.0
16770,0.2
275,0.4
34701,0.4
34919,0.2
35090,0.2
15004,0.4
18550,0.6
2838,0.4
6477,0.2
18602,0.0
17486,0.2
23340,0.2
16046,1.0
21669,0.4
30169,0.0
33003,0.0
34973,0.0
1637,0.0
11267,0.4
35864,0.2
17024,0.4
34767,0.2
39797,0.2
31166,0.2
5069,0.6
29070,0.0
30842,0.2
30950,0.0
23810,0.2
36132,0.2
26966,0.0
21319,0.4
30951,0.2
926,0.0
37297,0.6
7660,0.2
23130,0.2
11454,0.4
5550,0.2
10630,0.0
24203,0.2
26812,0.4
30158,0.8
14880,0.2
12281,0.6
8932,0.2
35076,0.2
10912,0.2
8825,0.0
25625,0.2
34026,0.2
25883,0.2
29551,0.0
21160,0.0
19183,0.2
32100,0.2
27162,0.4
20381,0.0
19477,0.0
22844,0.2
33672,0.2
38001,0.0
7858,0.0
5580,0.6
28102,0.0
29326,0.2
8257,0.2
16236,0.0
2637,0.0
27239,0.0
17227,0.2
29702,0.2
25500,0.2
12649,0.0
38135,0.2
22387,0.2
23687,0.0
33422,0.2
10423,0.2
10468,0.2
29487,0.0
12747,0.0
23181,0.0
30116,0.2
17956,0.0
231,0.2
11561,0.4
35811,0.2
34840,0.4
38619,0.0
32311,0.0
10105,0.0
9607,0.0
23806,0.0
12778,0.4
18759,0.0
26502,0.0
20488,0.2
28945,0.0
38944,0.4
4168,0.6
21860,0.2
17048,0.0
305,0.0
16498,0.4
11196,0.4
18196,0.2
34584,0.2
29316,0.4
20556,0.0
32906,0.0
6554,0.2
26150,0.0
904,0.2
15687,0.0
3008,0.2
27601,0.0
25467,0.6
15342,0.0
4260,0.0
15683,0.2
13399,0.0
25399,0.2
16684,0.0
24960,0.0
11406,0.4
15815,0.4
29955,0.2
2033,0.8
20269,0.0
35749,0.2
8124,0.0
34313,0.6
774,0.2
24870,0.8
23145,0.2
28529,0.0
22404,0.0
33965,0.2
38093,0.8
25764,0.0
32670,0.2
19461,0.6
18973,0.2
25016,0.0
37614,0.0
6640,0.8
31973,0.4
22226,0.0
19368,0.0
39488,0.0
15791,0.4
20262,0.0
24663,0.0
35968,0.0
32821,0.2
19013,0.0
23666,0.2
38985,0.0
39208,0.0
36579,0.4
35369,0.2
7700,0.0
34182,0.2
6792,0.0
14519,0.2
36539,0.0
15647,0.0
10274,0.6
22665,0.0
31473,0.2
3404,0.8
15812,0.0
12047,0.2
6823,1.0
38758,0.0
5937,0.4
4898,0.2
34431,0.2
7063,0.0
10933,0.2
15131,0.0
19071,1.0
33299,0.0
112,0.4
10931,0.2
15671,0.8
3230,0.0
27698,0.2
27609,0.0
3871,0.4
36954,0.0
4943,0.2
24283,0.8
39188,0.0
35862,0.2
30321,0.0
9882,0.2
649,0.2
32640,0.0
7419,0.2
38222,0.0
30121,0.4
27209,0.6
35754,0.2
13077,1.0
9081,0.0
35415,0.2
30635,0.2
37572,0.0
13194,0.0
37777,0.4
1787,0.2
15496,0.0
35081,0.0
34512,0.4
26387,0.2
31990,0.2
5238,0.2
36390,0.0
13231,0.2
13001,0.0
37311,0.4
4229,0.2
7252,0.4
28658,0.2
2495,0.0
10436,0.2
374,0.2
34557,0.2
11627,0.2
27718,0.0
17300,0.2
2251,0.0
9858,0.0
23223,0.0
5438,0.8
39762,0.2
33858,0.0
10353,0.0
3064,0.2
4652,0.2
17880,0.0
30671,0.6
24049,0.0
13856,0.0
5340,0.0
570,0.0
15042,0.0
25499,0.0
23531,0.0
17846,0.4
3809,0.0
29764,0.0
24389,0.0
1547,0.2
11322,0.0
33498,0.0
2090,0.4
23308,0.2
39163,0.0
10502,0.2
16339,0.4
27392,0.0
1385,1.0
2967,1.0
15203,0.4
22555,0.4
7378,0.0
4686,0.0
37179,0.2
23621,0.4
7713,0.0
26231,0.0
26533,0.2
11096,0.4
36153,0.0
6114,0.2
29129,0.4
37904,0.0
40094,0.4
5012,0.0
20771,0.0
12177,0.0
26585,0.0
36318,0.2
39664,0.0
30093,0.2
7455,1.0
16941,0.0
15975,0.2
37467,0.2
11966,0.2
33506,0.4
2313,0.0
13781,0.0
28450,0.2
38025,0.2
13910,0.0
31454,0.2
1646,0.2
10913,0.0
1998,0.2
9864,0.0
17317,0.0
37321,0.0
14076,0.0
22696,0.0
27008,0.4
16930,0.4
6133,0.2
38961,0.0
38584,0.4
28923,0.0
36516,0.0
13388,0.2
39938,0.4
20866,0.0
24742,0.6
31802,0.2
37988,0.0
36372,0.8
446,0.0
24440,0.0
10043,0.0
33072,0.6
4847,0.0
19335,0.0
12643,0.2
31970,0.0
7476,0.2
34646,0.0
6326,0.2
1054,0.0
23507,0.0
14032,0.2
24480,0.4
17190,0.4
7159,0.2
15133,0.4
37784,0.2
31119,0.4
36677,0.4
12068,0.2
7309,0.0
2436,0.0
10227,0.0
8612,0.0
38091,0.0
2621,0.0
17925,0.4
18947,0.4
12033,0.0
34219,0.0
37461,0.0
33544,0.4
31976,0.0
13549,1.0
1526,0.2
30597,0.0
28289,0.0
2678,0.4
28600,0.0
36932,0.4
22833,0.0
15608,0.6
28281,0.0
30383,0.0
16485,0.2
35675,0.4
12549,0.0
6000,0.0
37909,0.6
5053,0.2
14910,0.0
10683,0.0
8736,0.0
40520,0.0
38323,0.6
24285,0.2
1041,0.2
15709,0.2
3516,0.0
33022,0.4
9487,0.0
15031,0.2
19626,0.0
17596,0.8
18873,0.4
33045,0.2
21500,0.6
3074,0.0
30961,1.0
14057,0.2
25,1.0
39636,0.2
25915,0.2
8605,0.2
6975,0.2
39345,0.0
988,0.0
34760,0.2
14813,0.0
27904,0.2
6872,0.0
22215,0.2
36909,0.4
8370,0.4
7835,0.2
2245,0.2
3032,0.4
25412,0.0
10041,0.4
36237,0.0
25567,1.0
15323,0.0
40317,0.8
26059,0.4
36659,0.4
634,0.4
28052,0.2
211,0.4
16543,1.0
10651,0.0
22953,0.4
2439,0.4
23375,0.0
19156,0.4
19283,0.0
21218,0.4
22701,1.0
23079,0.2
32989,0.0
30045,0.0
19713,0.0
10603,0.4
34604,1.0
29290,0.4
18782,0.8
16905,0.4
22704,0.6
33361,0.0
21351,1.0
39239,0.0
19933,0.6
7510,0.0
9692,0.4
820,0.2
34365,0.0
3572,0.0
16412,0.4
31795,0.2
25888,0.0
17564,0.8
25581,0.6
1941,0.0
9054,0.2
7976,0.0
32758,0.8
7841,0.0
234,0.6
2700,0.2
26397,0.2
32790,0.2
5303,0.4
34282,0.2
40384,0.2
29376,0.2
15810,0.0
13362,0.2
29106,0.6
26488,0.6
31800,0.0
16647,0.6
12764,0.4
19877,0.2
26782,0.2
4983,0.2
34583,0.2
24529,0.8
24224,0.2
2816,0.0
31358,0.4
33504,0.2
22089,0.2
24346,0.2
31858,0.0
39778,0.2
5911,0.0
14399,0.2
13529,0.4
34797,0.0
27389,0.2
15239,0.0
4694,0.6
29281,0.2
24123,0.0
8991,0.2
16701,0.2
27900,0.0
39173,0.2
41069,0.4
26960,0.0
5272,0.0
17870,0.0
30965,0.0
19077,0.0
4836,0.2
28745,0.2
18378,0.0
29742,0.4
3352,0.2
23726,0.2
10131,0.2
30871,0.4
6377,0.0
11278,0.0
6870,0.2
11529,0.2
33591,0.2
29814,0.0
23240,0.2
34726,0.0
39479,0.0
32502,0.4
25177,0.4
11498,0.0
4180,0.2
21089,0.0
4269,0.8
41166,0.0
7894,0.6
31174,0.2
21031,0.0
2542,0.8
30874,0.8
3145,0.0
37877,0.2
29538,1.0
18623,0.0
38039,0.0
23751,0.0
32980,0.0
16265,0.8
29952,0.2
7155,0.4
36696,0.0
26822,0.2
10601,0.6
33063,0.4
31143,0.8
35717,0.0
39478,0.2
20839,0.2
24190,0.4
25968,0.2
1322,0.0
23703,0.0
10077,0.0
28092,0.4
14131,0.0
15615,0.0
6371,0.0
13642,0.4
6921,0.0
10167,0.4
29703,0.2
6336,0.4
10531,0.4
8544,0.2
39202,0.0
24213,0.2
27461,0.2
16337,0.0
20818,0.2
5630,0.6
17952,0.2
21121,0.0
29523,0.2
16393,0.0
30487,0.6
9443,0.2
6551,0.4
11283,0.4
3890,0.0
20947,0.6
4504,0.2
357,0.8
26543,0.0
36973,0.0
15287,0.6
16911,0.2
22918,0.2
25277,0.2
26788,0.0
5204,0.2
23860,0.0
21879,0.4
21913,0.2
34217,0.2
39746,0.6
13678,0.0
5624,1.0
18523,0.2
20983,0.0
34325,0.2
3962,0.2
39066,0.0
31457,0.0
17541,0.0
32480,0.4
23671,0.0
26310,0.2
31922,0.0
1327,0.6
26429,0.2
19523,0.2
33630,0.2
18405,0.0
34665,1.0
7300,0.0
34223,0.2
8172,1.0
15172,0.0
37040,0.0
36174,0.6
5685,0.0
13983,0.2
17036,0.6
16009,0.2
962,0.2
16205,0.0
5320,0.6
204,1.0
10902,0.0
20051,0.2
26428,0.0
40166,0.4
99,0.2
16980,0.0
22747,0.4
37263,0.0
34700,0.4
38636,0.2
9414,0.0
38807,0.0
1711,0.0
3252,0.0
5592,0.0
27443,0.4
28096,0.0
32561,0.0
30367,0.6
9258,0.2
4791,0.4
36575,0.0
20347,0.2
5472,0.2
28565,0.0
37896,0.0
25208,0.4
16580,0.6
40872,1.0
33750,0.0
26016,0.0
39544,0.4
39468,0.2
30991,0.4
28743,0.0
14084,0.4
963,0.0
24830,0.4
3150,0.0
29634,0.4
12658,0.4
31153,0.8
13414,0.0
13334,0.4
15416,0.0
7095,0.0
27266,0.2
24802,0.2
21665,0.2
9624,0.0
675,0.0
17006,0.2
16443,0.4
38429,0.2
13234,0.0
39753,0.0
15325,0.6
21130,0.0
29056,0.2
19280,0.0
915,0.0
21696,0.2
26701,0.0
7077,0.4
17009,0.2
34231,0.4
30736,0.0
35995,0.8
29809,0.0
30068,0.0
1215,0.4
4889,0.0
11569,1.0
9347,0.0
5222,0.0
40206,0.4
37874,0.0
35665,1.0
17104,0.4
10852,0.4
22856,0.2
32620,0.2
27721,0.0
11440,0.4
12787,0.2
3525,0.0
15294,0.2
40832,0.0
31684,0.4
31366,0.4
8315,0.0
19359,0.2
37253,0.0
6752,0.2
3762,0.0
20054,0.0
7181,0.2
38715,0.0
21631,0.2
3840,0.0
18579,0.2
9726,0.2
36388,0.2
35167,0.0
37970,0.0
23736,0.4
6059,0.2
31598,0.2
41136,0.4
9517,0.0
36503,0.0
40400,0.8
4308,0.0
10120,0.8
9831,0.2
30970,0.0
15692,1.0
37046,0.0
24965,0.2
37762,0.2
9390,0.0
19926,0.0
28191,0.0
14885,0.0
22736,0.4
36353,0.4
28129,0.4
41063,0.0
4911,1.0
30751,0.4
9056,0.2
1321,0.0
34786,0.0
11378,0.2
10749,0.4
9290,0.2
16246,0.2
6338,0.0
1478,0.0
35792,0.2
165,0.2
32491,0.0
37121,0.0
22423,0.2
13703,0.0
7650,0.0
21859,0.4
17728,0.0
21791,0.2
14829,0.0
26535,0.0
4226,0.2
11996,0.2
17382,1.0
20280,0.0
29707,0.0
17446,0.0
3424,0.0
16052,0.2
26452,0.2
376,0.2
20658,0.0
40694,0.2
35188,0.2
625,0.2
10014,0.0
32577,0.0
24139,0.4
36500,0.0
14905,0.4
24553,0.4
21834,0.4
23763,0.6
38553,0.2
18290,0.0
30987,0.4
23934,0.0
36642,0.2
18055,0.0
38481,0.8
10734,0.4
7892,0.0
30313,0.2
4764,0.2
23472,0.4
7563,0.6
21543,0.2
1861,0.0
14557,0.2
23311,0.0
28063,0.2
38913,0.6
39280,0.2
15830,0.0
39266,0.0
16598,0.4
27496,0.0
5038,0.0
20113,0.8
6436,0.0
1922,0.2
2006,0.0
36418,0.2
25339,0.2
2001,0.2
2717,0.0
24363,0.0
16549,0.0
15887,0.6
20498,0.0
11864,0.8
23809,0.2
2521,0.0
7351,0.0
22328,0.0
8707,0.2
16677,0.4
38701,0.4
19456,0.4
36066,0.0
28211,0.0
8833,0.2
36967,0.0
32933,0.2
24622,0.6
15144,0.4
8710,0.0
6787,0.0
1016,1.0
23027,0.4
37360,0.6
24199,0.0
16061,0.4
6786,0.0
3567,0.0
4264,0.4
5894,0.4
27118,0.0
32579,0.0
1748,0.4
27838,0.2
27888,0.2
22910,0.0
30809,0.0
3613,0.0
21193,0.0
21467,0.2
6036,0.0
39525,0.4
19843,0.2
33727,0.4
19676,0.0
26100,0.6
36509,0.4
23383,0.2
10679,0.0
3566,0.0
28068,0.0
19137,0.4
19635,0.2
21941,0.2
32731,0.0
41178,0.0
2833,0.4
9675,0.0
23106,0.0
30759,0.2
38396,0.0
32672,0.4
41041,1.0
4584,0.2
23610,0.4
18389,0.0
23648,0.2
16590,0.2
37210,1.0
14850,0.4
19504,0.2
12397,0.2
29944,0.0
33094,0.0
31529,0.2
23546,0.0
3611,0.0
39963,0.2
40901,0.2
21663,0.0
18433,0.0
20889,0.2
5960,0.0
21354,0.2
10219,0.4
22038,0.0
1057,0.2
15273,0.0
12941,0.4
16960,0.8
7654,0.0
26047,0.6
14049,0.2
23411,0.2
11786,0.4
16110,0.0
39977,0.2
33871,0.0
5710,0.0
21686,0.4
9843,0.0
3969,0.0
39511,0.2
31204,0.0
23071,0.0
19529,0.2
38047,0.4
11890,0.2
6399,0.6
10614,0.6
37462,0.4
2424,0.2
38225,0.0
6315,0.6
7784,0.0
25773,0.6
40715,0.2
27242,0.0
11785,1.0
8850,0.4
36213,0.6
7493,0.0
24272,0.0
3899,0.2
14688,0.2
1541,0.4
19795,0.4
2749,0.0
13877,0.0
12845,0.2
40432,0.0
39888,0.2
1020,0.8
4552,1.0
13626,0.0
38928,0.2
30792,0.0
18516,0.0
15989,0.0
2281,0.0
37018,0.2
23025,0.2
23119,0.4
20197,0.2
32222,0.2
23755,0.4
27854,0.2
30120,0.0
16991,0.0
16934,0.0
20476,0.2
28381,0.0
12435,0.2
30058,0.2
30390,0.8
5712,0.0
21054,0.0
16074,1.0
38544,0.8
25766,0.4
12705,0.0
325,0.0
31496,0.0
21851,0.6
28627,0.0
28836,0.8
8191,0.0
2754,0.2
30161,0.0
28033,0.4
18223,0.2
37664,0.4
11460,0.2
22228,0.8
8045,0.4
1292,0.4
22685,0.0
38583,0.0
116,0.4
39780,0.0
9845,0.4
32628,0.2
34761,0.4
11361,0.2
16735,1.0
21539,0.0
17152,0.0
5861,0.2
14836,0.2
8697,0.4
26450,0.6
27579,1.0
24043,1.0
35385,0.0
12991,0.4
22661,0.4
32166,0.4
13257,1.0
36236,0.0
34763,0.2
38374,0.0
28820,0.2
10467,0.2
38276,0.2
19445,0.0
12420,0.0
22191,0.2
40120,0.0
33252,0.0
34226,0.0
34261,0.4
33392,0.0
11493,0.4
10108,0.2
21250,0.0
8472,0.4
31024,0.2
25694,0.0
13184,0.4
37603,0.2
10799,0.8
4602,0.4
28326,0.2
20710,0.2
24051,0.2
23424,0.8
34507,0.0
2323,0.0
4491,0.0
28147,0.2
21525,0.0
34603,0.2
7352,0.0
8895,0.2
27174,0.2
27832,0.0
21655,0.2
29165,0.0
12223,0.2
24257,0.6
26303,0.0
14895,0.2
20599,0.0
20340,0.2
12864,0.0
5993,0.2
22859,0.2
20763,0.0
25125,0.6
14311,0.8
16879,0.0
31953,0.6
39259,0.0
8616,0.4
14954,0.0
27557,0.4
3648,0.2
36974,0.2
21975,0.2
9467,0.0
38951,0.4
18009,0.4
4957,0.8
30055,0.2
33393,0.0
13735,0.0
29226,0.4
40751,0.8
16572,0.4
3678,0.0
11666,0.0
3197,0.2
29647,0.4
29536,0.0
7821,0.0
8003,0.0
12846,0.0
10886,0.6
11885,0.0
27822,0.2
39187,0.4
24384,0.0
15111,0.4
4089,0.2
24988,0.0
16283,0.2
8598,0.2
3980,0.0
27453,0.2
23098,0.2
2329,0.0
6966,0.2
23203,0.6
6962,0.2
31968,0.2
30168,0.2
33316,0.2
19435,0.0
11092,0.4
19601,0.0
5445,0.2
6980,0.2
2705,0.0
20402,0.0
19553,0.0
6372,0.0
26273,0.2
18372,0.8
23800,0.0
31886,0.2
31265,0.0
12365,0.2
24866,0.0
21877,0.2
1577,0.0
1721,0.0
9161,0.2
18995,0.4
30508,0.0
34606,1.0
29255,0.0
40141,0.0
30090,0.4
15079,0.2
7810,0.4
22198,0.8
38893,0.0
41137,0.0
19275,0.0
25465,0.4
25101,0.0
37824,0.0
29017,0.0
38414,0.2
15197,0.4
12159,0.0
33160,0.4
23014,0.0
2530,0.4
18412,0.0
1854,0.0
27873,0.4
40713,0.2
6901,0.0
29367,0.0
1195,0.0
6080,0.0
22774,0.4
20930,0.0
29545,0.0
35888,0.0
6886,0.0
4993,0.2
8824,0.0
24362,0.2
34666,0.4
27059,0.2
29613,0.6
32108,0.2
25939,0.0
2098,0.0
40391,0.2
5406,0.0
17310,0.0
22797,0.0
8032,0.4
22306,0.0
25377,0.2
27669,0.0
2632,0.8
17207,0.0
16898,0.2
7781,0.0
3192,0.2
6335,0.2
13354,0.0
9594,0.0
3326,0.0
13010,0.2
27697,0.2
6255,0.0
32424,0.2
6912,0.4
695,0.6
18780,0.0
27183,0.0
19242,0.2
23668,0.0
29537,0.2
32986,0.2
17097,0.0
13639,0.0
34147,0.2
20552,0.4
39740,0.0
37147,0.0
18097,0.4
34686,0.0
39506,1.0
27053,0.4
7412,0.4
1807,0.0
5897,0.0
24588,0.4
22411,0.2
18936,0.0
9324,0.0
15384,0.0
35669,0.0
12055,0.4
33410,0.4
12730,0.0
16145,0.0
6051,0.0
24566,0.2
33521,0.0
33928,0.4
18244,0.0
30588,0.2
18768,0.0
4604,0.4
28933,0.0
16971,0.4
20852,0.2
4600,0.4
17848,0.4
29341,0.4
16481,0.0
19825,0.8
36605,0.4
12201,0.2
38486,0.2
30173,1.0
5206,0.0
25959,0.0
30710,0.0
9519,0.0
37837,0.2
25953,0.6
1675,0.4
8849,0.8
7895,0.0
3114,0.0
31321,0.0
32130,0.0
11056,0.6
7844,0.2
5181,0.0
17813,0.6
22175,0.4
4626,0.0
34362,0.0
29492,0.2
2490,0.0
19089,0.4
39803,0.6
16866,0.0
23514,0.2
14435,0.0
778,0.0
37823,0.4
28759,0.0
37499,0.0
40412,0.0
6864,0.2
27770,0.0
34886,0.0
20035,0.0
29268,0.2
1988,0.6
27748,0.0
8497,0.0
37418,0.0
13512,0.0
5126,0.6
6352,0.4
6495,0.4
516,0.0
39174,0.2
4640,0.4
9518,0.2
37069,0.4
33529,0.2
8277,0.2
2426,0.2
12136,0.6
3168,0.0
20295,0.0
11129,0.0
36305,0.0
18169,0.0
30376,0.0
32874,0.4
30000,0.2
3120,0.0
21647,0.4
28659,0.4
27072,0.6
27218,0.2
4143,0.2
24086,0.2
34678,0.0
460,0.0
1185,0.2
15768,0.2
20395,1.0
21421,0.6
18815,0.0
33297,0.0
28083,0.2
20853,0.0
27780,0.2
17141,0.0
24172,1.0
12361,0.2
39767,0.0
40821,0.0
17008,0.0
40248,0.0
7126,0.2
23089,0.0
5007,0.4
22621,0.2
34809,0.2
22333,0.0
6770,0.0
1477,0.2
27391,0.8
37606,0.4
26835,0.2
760,0.0
29984,0.0
27256,0.0
39340,0.8
37681,0.0
5457,0.0
13429,1.0
33519,0.0
33803,0.8
18417,0.2
20096,0.2
25792,0.0
32863,0.4
39261,0.2
24937,0.2
22710,0.0
9698,0.2
15360,0.6
33390,0.8
27419,0.0
16577,0.8
31525,0.2
1136,0.2
38337,0.2
6231,0.4
31192,0.0
30619,0.0
22646,0.0
19794,0.2
8802,0.0
12257,0.0
31837,0.0
39563,0.6
32737,0.2
16125,0.4
10934,0.0
28991,0.0
9628,0.0
14915,0.0
40592,0.0
29795,0.2
12063,0.0
18725,0.0
15584,0.0
34264,0.2
15543,0.4
22334,0.0
794,0.4
25622,0.2
22860,0.2
3002,0.6
36588,0.4
10686,1.0
5229,0.4
26621,0.2
7260,0.8
24501,0.2
8556,0.2
17560,0.0
29023,0.2
38174,0.0
32714,0.0
27436,0.0
32648,0.0
14070,1.0
38303,0.2
223,0.0
14876,0.0
25710,0.4
34816,0.2
6469,0.4
16889,0.0
36049,0.0
40039,0.2
12654,0.2
25655,0.0
10590,0.2
38170,0.0
16005,0.2
24260,0.2
19024,0.2
6500,0.2
28986,0.2
29727,0.2
17860,0.0
34011,0.0
974,0.2
41008,0.2
6471,0.0
8856,0.2
34156,0.0
39050,0.2
32378,0.4
36113,0.0
1008,0.0
16234,0.0
32815,0.0
11182,0.2
33197,0.4
16712,0.0
7605,0.4
2336,0.2
17165,0.0
10828,0.2
7778,0.0
21094,0.0
34529,0.2
16242,0.0
25498,0.2
11365,0.0
18548,0.0
13897,0.2
14468,0.0
24735,0.0
18691,0.2
23280,0.0
25560,0.0
2366,0.2
24329,0.2
23737,0.0
1475,0.2
23847,0.2
15568,0.4
36990,0.2
26530,0.2
38770,0.2
20986,0.0
20635,0.4
21405,0.0
10055,0.0
23890,0.2
20871,0.2
38283,0.4
30604,0.0
21415,0.2
39248,0.0
3707,0.0
15572,0.0
37218,0.0
12802,0.4
26106,0.2
19098,1.0
24664,0.8
19697,0.2
39247,0.2
26790,0.0
10796,0.0
24211,0.0
35437,0.2
12222,0.0
34166,0.2
10084,0.0
13004,0.2
30599,0.8
4507,0.0
28989,0.0
11743,0.0
20911,0.0
13655,0.4
14596,0.2
8166,0.0
34488,0.0
19412,0.2
36570,0.2
9870,0.0
26223,0.8
30082,0.6
14630,0.0
34369,0.2
34995,0.4
17087,1.0
18940,0.4
11214,0.2
23543,0.2
12074,0.2
39905,0.2
46,0.2
1379,0.2
25607,0.0
39660,0.2
571,0.0
1921,0.6
40782,0.0
5772,0.0
22987,0.0
16756,0.2
36919,0.0
12112,0.0
23313,0.2
34520,0.0
36561,0.4
38319,0.0
26295,0.2
26648,0.2
138,0.0
12358,0.2
20924,0.2
11191,0.0
16037,0.0
16640,0.6
32350,0.0
6033,0.0
19967,0.0
22095,0.0
26369,0.2
40230,0.2
29187,0.2
24569,0.0
36097,0.0
1777,0.2
21685,0.4
13510,0.4
29275,0.0
14314,0.4
32539,0.0
38080,0.0
489,0.0
30725,0.2
9557,0.2
33049,0.8
1052,0.8
21082,0.4
1691,0.0
8096,0.2
41130,0.0
20650,0.0
35951,0.2
27414,0.2
27981,0.0
6457,0.2
36794,0.4
22733,0.0
11611,0.4
31703,0.8
27237,0.2
10560,0.4
10417,0.0
1340,0.0
9243,0.0
37189,0.2
17510,0.2
16964,0.6
23068,0.4
39890,0.0
4894,0.0
33487,0.4
25802,0.2
40066,0.0
28955,0.2
25878,0.0
34575,0.4
36816,0.6
3597,0.0
3051,0.8
26574,0.2
4745,0.0
17730,0.2
10576,0.2
22536,0.6
28849,0.2
4712,0.0
18140,0.0
6277,0.0
15175,0.2
25922,0.0
14235,0.0
4267,0.0
2659,0.0
4677,0.2
4807,0.4
110,0.0
19577,0.4
39379,0.0
30344,0.4
4029,0.0
21049,0.6
11025,0.4
32840,0.2
8650,0.4
36223,0.0
9708,0.0
35311,0.4
34777,0.4
457,0.0
36801,0.2
4610,0.0
16813,0.6
33721,0.0
29099,0.0
34348,0.0
29571,0.2
12763,0.8
6251,0.4
9074,0.0
25264,0.0
7691,0.6
20299,0.0
31066,0.8
33852,0.2
37132,0.2
16359,0.0
25761,0.2
32428,0.0
16096,0.2
19566,0.0
30363,0.8
14849,0.0
26203,0.2
40305,0.2
27475,0.2
12016,0.8
18185,0.0
13209,0.2
39520,0.2
15535,0.2
12150,1.0
31555,0.2
31884,0.4
32396,0.2
31178,0.2
36101,0.2
2475,0.4
22347,0.2
2895,0.0
10663,0.2
25464,0.0
4990,0.2
8930,0.0
29778,0.0
6494,0.2
1600,0.4
3898,0.4
34948,0.0
21703,0.0
26544,0.0
14977,0.0
37282,0.0
27281,0.0
36555,0.2
18380,0.2
12183,0.4
10996,1.0
33834,0.0
22818,0.0
32403,0.2
12416,0.0
28911,0.4
35852,0.4
17330,0.0
28691,0.2
25341,0.4
28558,1.0
11547,0.0
36118,0.0
39657,0.2
30750,0.0
31729,0.0
3391,0.2
1743,0.0
40529,0.2
14073,0.4
25578,0.0
38571,0.6
16272,0.2
29138,0.2
31915,0.0
19430,0.2
28630,1.0
20845,0.2
840,0.2
25387,0.0
25755,0.0
15187,0.2
17108,0.0
15859,0.0
8070,0.0
40977,0.0
26415,1.0
9898,0.2
4114,0.0
29399,0.0
40073,0.2
40982,0.0
24487,0.0
24672,0.0
8437,1.0
33221,1.0
31952,0.0
650,1.0
18631,0.2
34735,0.8
27942,0.2
18268,0.4
7409,0.2
31062,0.4
7847,0.4
20896,0.4
5829,0.2
20003,0.0
9435,1.0
28337,0.0
22167,0.2
37914,0.2
28721,0.0
30180,0.0
18426,0.2
31676,0.0
14361,0.0
17734,0.2
32452,0.0
5851,0.0
27497,0.2
19115,0.0
27123,0.6
12810,0.0
38999,0.0
21423,0.2
31526,0.2
13960,0.0
36584,0.0
5556,0.0
12746,0.2
38907,0.0
25933,0.2
22527,0.6
35045,0.2
5308,0.0
6660,0.0
19439,0.2
11604,1.0
37233,0.0
12897,0.0
22367,0.0
40343,0.0
15885,0.4
36945,0.2
33758,0.0
6979,0.8
30205,0.2
9254,0.2
40395,0.2
11014,0.2
17712,0.4
14404,0.0
35570,0.2
9199,0.0
12161,0.0
20276,0.0
21505,0.0
12345,0.2
10415,0.0
39194,0.2
14462,0.2
22103,0.2
11093,0.0
39110,0.0
14960,0.0
23063,0.0
38044,0.2
4312,0.6
10047,0.0
6928,0.0
10254,0.2
19679,0.0
33453,0.2
29179,0.2
40787,0.0
21364,0.0
10781,0.0
14,0.8
7494,0.4
16343,0.0
33120,0.0
13166,0.0
1772,0.0
24032,0.0
5404,0.4
12908,0.8
26045,0.0
19129,0.4
3110,0.0
33280,0.2
29177,0.0
39630,0.0
41100,0.0
26752,0.0
40801,0.2
27108,0.6
40453,0.6
34449,1.0
7668,0.2
25724,0.4
24984,0.2
25044,0.2
20185,0.0
31926,0.0
3019,0.4
30665,0.0
23186,0.8
5557,0.0
18502,0.2
4181,0.0
16692,0.2
9579,0.2
776,0.4
18149,0.2
17994,0.8
35016,0.2
12425,0.2
39755,0.6
28539,0.2
18799,0.4
24700,0.4
9167,0.0
30658,0.2
24375,0.2
17306,0.2
26985,0.0
1744,0.4
5708,0.4
6412,0.0
40995,0.2
2998,0.0
29810,0.0
18568,0.2
15547,0.0
37248,0.0
6022,0.0
2658,0.0
20306,0.4
8133,0.2
11669,0.0
17518,0.4
15790,0.0
25048,0.2
15863,0.0
18344,0.0
22428,0.2
3166,0.2
1369,0.2
24369,0.0
29658,0.2
27182,0.0
1893,0.8
1767,0.4
15370,0.2
34908,0.0
14334,0.0
33176,0.2
40080,0.2
8321,0.0
18682,0.4
30418,0.0
22569,0.0
18306,0.0
23018,0.0
28282,0.2
28222,0.0
18758,0.0
26233,0.2
14590,0.6
18478,0.0
18556,0.0
8151,0.4
27104,0.0
36098,0.0
834,0.6
3060,0.0
23686,0.4
41060,0.0
22579,0.8
14182,0.4
30137,0.0
35647,0.2
34317,0.2
3342,0.4
2866,0.0
14924,0.2
24880,0.0
4444,0.0
10430,0.0
6830,0.0
10537,0.0
13327,0.4
39851,0.0
467,0.0
16901,0.2
12025,0.4
11489,0.0
26776,0.8
1874,0.2
36265,0.0
10203,0.2
39792,0.0
19216,0.2
34253,0.0
25018,0.2
11242,0.2
40469,0.6
38051,0.2
15341,0.2
14167,0.4
8730,0.2
37010,0.0
12510,0.0
6401,0.0
15750,0.2
7819,0.0
18051,0.6
25482,0.2
11032,0.2
31607,0.8
34815,0.0
1059,0.6
22687,0.0
15135,0.0
19980,0.2
26620,0.2
24165,0.0
35534,0.2
22951,0.0
6319,0.2
21221,0.0
38699,0.0
30955,0.4
17709,0.4
10439,0.2
4406,0.0
17501,0.0
30781,0.4
19555,0.8
30957,0.0
2835,0.2
17213,1.0
4305,0.0
15242,0.0
1886,0.2
18894,0.0
4250,0.0
13225,0.2
8957,0.0
15032,0.0
32603,0.4
11483,0.2
24779,0.2
27969,0.0
832,0.0
9383,0.0
7287,0.2
30264,0.0
38296,0.0
18675,0.4
21466,0.2
36203,0.0
17052,0.0
10277,0.4
28005,0.2
18792,1.0
32681,0.4
4839,0.0
31778,0.4
3813,0.2
9924,0.0
35591,0.2
14464,0.2
32616,0.0
28496,0.0
1670,0.2
30896,0.4
23881,0.0
356,1.0
9815,0.0
30766,0.0
15525,0.2
35467,0.4
20489,0.2
3894,0.8
12390,0.2
3458,0.0
17412,0.0
8746,0.0
35202,0.2
39235,0.2
3810,0.0
27537,0.2
31030,0.0
21123,1.0
15736,0.0
39190,0.2
31002,0.6
35070,0.0
32517,0.0
23899,0.0
3868,0.4
26341,0.4
10473,0.4
452,0.2
12318,0.0
28149,0.2
26902,0.0
1785,0.2
632,0.0
10037,0.2
34936,0.2
26977,0.0
6942,0.0
4016,0.6
30330,0.4
1920,0.0
26899,0.0
12187,0.2
23747,0.0
24906,0.0
10990,0.2
36622,0.0
13223,0.0
24379,1.0
17044,0.0
30244,0.0
28854,0.0
37292,0.4
11362,0.8
2939,0.0
33107,0.0
953,0.2
22432,0.0
13924,0.6
13716,0.0
7689,0.0
19053,0.2
29058,0.2
28475,0.2
36361,1.0
24703,0.0
16629,0.2
21118,1.0
32983,0.0
23326,0.4
12057,1.0
4642,0.2
6413,0.4
28861,0.4
39709,0.0
36497,0.0
17673,0.0
28079,0.2
29766,0.2
12380,0.2
31340,0.0
29191,0.0
20615,0.0
27197,0.4
12349,0.4
3228,0.4
29845,0.2
94,0.6
11950,1.0
25190,0.0
25171,0.6
19647,0.0
14381,0.0
33585,0.6
17855,0.4
17835,0.4
23302,0.4
12401,0.2
19987,0.2
2974,0.0
19289,0.4
1549,0.0
38301,0.0
5278,0.0
40478,0.0
38493,0.0
20275,0.2
40674,0.0
10802,0.2
4202,0.0
913,0.2
27144,0.4
15714,0.2
34479,0.0
23693,0.0
20321,0.2
16470,0.2
9712,0.2
3209,0.0
36419,0.8
11216,0.0
19144,0.0
27068,0.0
9721,0.2
10980,0.0
4967,0.2
18006,0.0
6711,1.0
9626,0.0
17153,0.2
32059,0.4
3095,0.2
38797,0.0
25918,0.0
26215,0.0
40941,0.2
37934,0.0
36935,0.0
24745,0.2
10319,0.0
24450,0.2
40368,0.0
9119,0.2
40914,0.8
32572,1.0
10951,0.4
17499,0.0
40605,0.2
38236,0.4
13259,0.0
9346,0.0
14533,0.0
13216,0.0
12022,0.0
35330,0.0
39712,0.0
13974,0.0
37305,0.0
41120,0.2
10156,0.4
10170,0.0
28131,0.4
25448,0.2
36667,0.4
5475,0.4
38642,0.0
18574,0.4
18841,0.0
38890,0.8
16926,0.0
8396,0.0
6826,0.0
40828,0.0
26019,0.4
9031,0.6
6400,0.2
11672,0.0
26807,0.0
4536,1.0
28545,0.2
39646,0.4
37619,0.0
17543,0.0
23437,0.2
30438,0.0
18787,0.2
3245,0.8
10228,0.0
35022,0.4
34960,0.2
24713,0.0
32993,0.0
16179,0.2
36041,0.0
26164,0.6
29582,0.2
32761,0.2
4862,0.0
8117,0.0
40340,0.6
13126,0.4
30089,0.2
38215,0.2
34573,0.4
32936,0.2
27607,0.0
27233,0.4
40106,0.2
34530,0.4
19382,0.2
3131,0.0
30972,0.0
19785,0.2
22260,0.4
38711,0.4
35806,0.0
10552,0.0
19546,0.4
11426,0.6
14771,0.0
7788,0.2
17571,0.8
5938,0.0
25608,0.0
39275,0.4
9055,0.0
8429,0.2
29796,0.2
2372,0.0
17830,0.2
38344,0.0
34332,0.4
4437,1.0
4770,0.0
4223,0.4
17644,0.4
15149,0.0
25975,0.6
732,0.2
18177,0.4
5025,0.2
32198,0.4
11247,0.0
6229,0.2
23120,0.8
19602,0.0
26626,0.0
26661,0.0
21981,0.2
27564,1.0
7589,0.0
33353,0.0
30134,0.2
38448,0.0
36181,0.0
14773,0.0
21759,0.2
27926,0.4
31186,0.2
12108,0.0
9264,0.2
1017,0.2
30822,0.0
11828,0.2
37045,0.0
13550,0.2
21362,0.2
24736,0.0
5782,0.2
4022,0.0
15278,0.0
9289,0.2
20291,0.2
30319,0.0
15077,0.0
29670,0.4
5781,0.0
17192,0.4
13709,0.0
4527,0.2
8365,0.6
37778,0.4
13114,0.0
40680,0.2
33397,0.0
9334,0.0
15140,0.4
8672,0.4
15684,0.0
15819,0.0
32443,0.2
9732,0.0
17724,0.2
17534,0.2
31482,0.0
38719,0.0
19284,0.0
3142,0.2
5699,0.0
16645,0.0
2566,0.2
26703,0.0
23961,0.0
13476,0.4
19228,0.6
21762,0.0
3463,0.0
15075,0.0
10186,0.0
15862,0.2
23762,0.0
38726,0.6
37514,0.0
29605,0.0
32253,1.0
16142,0.4
18541,0.2
22222,0.2
28765,0.0
16141,0.0
34956,0.2
14676,0.6
24386,0.2
8015,0.0
392,0.4
1733,0.2
27821,0.2
29799,0.0
27299,0.0
39568,0.0
8470,0.4
10774,0.0
16241,0.6
6165,0.0
14845,0.2
17718,0.8
24169,0.6
13237,0.0
13494,0.0
39538,0.2
20706,0.6
15733,0.0
38226,0.6
22970,0.0
25347,0.0
26357,0.4
25202,0.0
3799,0.2
16524,0.0
29699,0.2
14721,0.0
27337,0.0
20592,0.0
31610,0.2
24455,0.2
4860,0.2
13564,0.2
40567,0.0
20906,0.0
14489,0.8
11017,0.4
6829,0.6
5891,0.0
33216,0.8
14749,0.2
7978,0.0
4794,0.4
26979,0.0
31177,0.0
11015,0.0
14947,0.2
39306,0.0
10382,0.0
16392,0.2
4684,0.4
17675,0.2
8405,0.4
33840,0.4
23092,0.0
6478,0.4
39147,0.2
13592,0.2
32201,0.2
9014,0.0
5816,0.0
2744,0.0
22877,0.2
696,0.0
6956,0.2
31095,0.4
28492,0.2
16844,0.2
39228,0.2
27065,0.2
10703,0.2
28458,0.2
12311,0.4
18732,0.0
6682,0.2
19112,0.2
12584,0.4
5380,0.2
5000,0.2
40653,0.0
26708,0.0
23062,0.0
151,0.0
19457,0.0
29140,0.2
29131,0.0
11921,0.8
34677,0.2
34289,0.0
4876,0.0
14212,0.2
23967,0.8
15266,0.8
27990,0.0
20596,0.0
30132,0.2
40550,0.4
288,0.0
39410,0.4
19002,0.2
16953,0.2
20272,0.4
34641,0.2
18121,0.0
37160,0.0
38472,0.0
12531,0.0
21220,0.0
10680,0.0
40433,0.0
25456,0.0
27637,0.0
209,0.0
28740,0.0
38995,0.2
38295,0.0
2947,0.2
6206,0.0
40024,0.2
13272,0.2
32907,0.0
18996,0.2
10515,0.4
37704,0.4
2169,0.0
40650,0.0
9900,0.2
7954,0.0
35932,0.0
2671,0.6
37659,0.0
40847,0.4
2088,0.0
29256,0.2
21273,0.4
24764,0.4
5770,0.2
25205,0.2
35065,0.0
15392,0.0
31588,0.0
33440,0.2
38316,0.0
36189,0.2
30030,0.4
9300,0.4
31380,0.2
24246,0.0
25209,0.4
37371,0.8
24335,0.0
14627,0.6
19687,0.2
26362,0.0
34141,0.2
24382,0.4
17623,0.2
22922,0.0
38010,0.4
13163,0.4
775,1.0
19224,0.4
39954,0.0
9375,0.2
18307,0.6
32755,0.4
35579,0.0
11803,0.2
13824,0.0
3660,0.0
23679,0.6
38412,0.0
37642,0.0
2573,0.6
3148,0.4
3749,0.4
5914,0.2
4078,0.0
4997,0.2
37546,0.0
29215,0.8
639,0.8
15447,0.6
21059,0.0
8533,0.0
32456,0.0
14674,0.0
32185,0.2
13959,0.0
9560,0.0
21323,0.2
34153,0.0
33223,0.0
14436,0.2
18629,0.6
22189,0.2
30419,0.0
16663,0.0
28416,0.0
28291,0.0
22033,0.2
4336,0.4
10329,0.0
24116,0.2
3688,0.0
13542,0.0
21023,0.0
5277,0.0
15316,0.2
633,0.2
8520,0.0
38410,0.0
31552,0.0
18572,0.4
3054,0.2
14279,0.4
5006,0.2
19290,0.2
27375,0.2
8214,1.0
39327,0.0
37751,0.4
11511,0.0
18459,0.2
18088,0.0
29838,0.2
15880,0.0
32002,0.4
34275,0.0
880,0.4
28072,0.2
40491,0.4
5310,0.2
6154,0.4
